id,order_id,dish_id,quantity,price,name,created_at,updated_at
1.0,501,1,1,7.57,Hummus platter,2024-12-17 10:32:39,2024-12-17 10:32:39
,0,141,3,15.9,Lentil soup,2024-12-13 13:04:19,2024-12-13 13:04:19
,0,119,1,18.47,Vegan burger,2024-12-13 13:04:19,2024-12-13 13:04:19
,1,147,1,18.13,Stuffed peppers,2024-12-16 13:21:18,2024-12-16 13:21:18
,2,81,1,13.77,Brisket,2024-12-15 09:43:02,2024-12-15 09:43:02
,3,21,2,15.81,Spring rolls,2024-12-16 19:37:29,2024-12-16 19:37:29
,4,145,3,18.77,Lentil soup,2024-12-10 23:28:29,2024-12-10 23:28:29
,4,112,1,14.93,Vegan burger,2024-12-10 23:28:29,2024-12-10 23:28:29
,5,52,1,5.47,Butter naan,2024-12-11 21:32:10,2024-12-11 21:32:10
,5,5,3,5.26,Kebab plate,2024-12-11 21:32:10,2024-12-11 21:32:10
,6,116,2,7.27,Lentil soup,2024-12-12 08:43:31,2024-12-12 08:43:31
,6,122,2,16.69,Stuffed peppers,2024-12-12 08:43:31,2024-12-12 08:43:31
,7,108,3,14.01,Tofu stir-fry,2024-12-09 17:56:46,2024-12-09 17:56:46
,7,29,1,10.91,Sushi platter,2024-12-09 17:56:46,2024-12-09 17:56:46
,7,135,3,16.08,Stuffed peppers,2024-12-09 17:56:46,2024-12-09 17:56:46
,8,18,2,15.4,Dim sum,2024-12-15 00:37:27,2024-12-15 00:37:27
,8,136,2,12.04,Vegan burger,2024-12-15 00:37:27,2024-12-15 00:37:27
,9,111,1,8.37,Quinoa salad,2024-12-09 14:15:00,2024-12-09 14:15:00
,10,88,1,13.82,Fried chicken,2024-12-13 21:50:34,2024-12-13 21:50:34
,11,143,3,6.34,Vegan burger,2024-12-12 14:29:45,2024-12-12 14:29:45
,12,100,1,9.8,Quinoa salad,2024-12-08 14:16:15,2024-12-08 14:16:15
,12,139,2,8.74,Tofu stir-fry,2024-12-08 14:16:15,2024-12-08 14:16:15
,12,145,1,18.77,Lentil soup,2024-12-08 14:16:15,2024-12-08 14:16:15
,13,100,3,9.8,Quinoa salad,2024-12-11 05:35:47,2024-12-11 05:35:47
,14,63,1,17.11,Classic burger,2024-12-09 17:45:15,2024-12-09 17:45:15
,15,66,2,8.17,Filet mignon,2024-12-16 17:58:47,2024-12-16 17:58:47
,15,4,3,11.88,Mixed grill,2024-12-16 17:58:47,2024-12-16 17:58:47
,15,122,2,16.69,Stuffed peppers,2024-12-16 17:58:47,2024-12-16 17:58:47
,16,117,2,6.82,Quinoa salad,2024-12-10 18:20:42,2024-12-10 18:20:42
,16,15,1,12.39,Pepperoni,2024-12-10 18:20:42,2024-12-10 18:20:42
,17,107,2,10.37,Stuffed peppers,2024-12-06 17:13:10,2024-12-06 17:13:10
,17,8,3,17.63,Falafel wrap,2024-12-06 17:13:10,2024-12-06 17:13:10
,17,13,2,15.55,Vegetarian,2024-12-06 17:13:10,2024-12-06 17:13:10
,18,144,1,17.47,Tofu stir-fry,2024-12-13 17:10:27,2024-12-13 17:10:27
,19,139,2,8.74,Tofu stir-fry,2024-12-11 03:55:57,2024-12-11 03:55:57
,19,46,2,12.17,Korean bbq,2024-12-11 03:55:57,2024-12-11 03:55:57
,20,76,3,10.93,Bbq chicken,2024-12-12 02:43:28,2024-12-12 02:43:28
,21,87,2,11.5,Milkshake,2024-12-16 11:15:24,2024-12-16 11:15:24
,22,38,2,15.39,Churros,2024-12-13 02:07:27,2024-12-13 02:07:27
,23,32,1,13.28,Teriyaki chicken,2024-12-11 08:21:11,2024-12-11 08:21:11
,23,123,1,8.31,Lentil soup,2024-12-11 08:21:11,2024-12-11 08:21:11
,23,139,2,8.74,Tofu stir-fry,2024-12-11 08:21:11,2024-12-11 08:21:11
,24,149,1,13.42,Lentil soup,2024-12-07 00:11:57,2024-12-07 00:11:57
,25,85,3,5.39,Fries,2024-12-11 23:22:16,2024-12-11 23:22:16
,26,82,3,12.26,Bbq ribs,2024-12-12 01:38:28,2024-12-12 01:38:28
,26,86,3,15.51,Chicken nuggets,2024-12-12 01:38:28,2024-12-12 01:38:28
,26,76,1,10.93,Bbq chicken,2024-12-12 01:38:28,2024-12-12 01:38:28
,27,128,1,7.72,Stuffed peppers,2024-12-07 12:38:58,2024-12-07 12:38:58
,27,74,3,13.48,Pulled pork sandwich,2024-12-07 12:38:58,2024-12-07 12:38:58
,28,100,1,9.8,Quinoa salad,2024-12-14 13:14:48,2024-12-14 13:14:48
,28,9,3,8.12,Shawarma bowl,2024-12-14 13:14:48,2024-12-14 13:14:48
,28,139,3,8.74,Tofu stir-fry,2024-12-14 13:14:48,2024-12-14 13:14:48
,29,150,2,11.15,Vegan burger,2024-12-07 19:02:28,2024-12-07 19:02:28
,30,72,2,18.62,Ribeye steak,2024-12-13 03:30:36,2024-12-13 03:30:36
,30,138,1,19.45,Lentil soup,2024-12-13 03:30:36,2024-12-13 03:30:36
,31,81,1,13.77,Brisket,2024-12-12 19:43:55,2024-12-12 19:43:55
,32,71,3,8.56,Filet mignon,2024-12-13 02:18:49,2024-12-13 02:18:49
,32,61,3,8.82,Bacon burger,2024-12-13 02:18:49,2024-12-13 02:18:49
,33,89,1,6.45,Stuffed peppers,2024-12-13 07:13:57,2024-12-13 07:13:57
,33,101,1,8.45,Lentil soup,2024-12-13 07:13:57,2024-12-13 07:13:57
,34,11,2,13.92,Pizza capricciosa,2024-12-08 13:03:38,2024-12-08 13:03:38
,34,40,3,14.49,Churros,2024-12-08 13:03:38,2024-12-08 13:03:38
,35,47,2,18.36,Korean bbq,2024-12-09 22:07:08,2024-12-09 22:07:08
,36,103,1,19.48,Stuffed peppers,2024-12-13 15:45:21,2024-12-13 15:45:21
,36,139,1,8.74,Tofu stir-fry,2024-12-13 15:45:21,2024-12-13 15:45:21
,37,2,2,13.64,Falafel wrap,2024-12-07 11:59:53,2024-12-07 11:59:53
,38,141,1,15.9,Lentil soup,2024-12-16 00:10:59,2024-12-16 00:10:59
,38,92,3,6.41,Quinoa salad,2024-12-16 00:10:59,2024-12-16 00:10:59
,38,100,3,9.8,Quinoa salad,2024-12-16 00:10:59,2024-12-16 00:10:59
,39,21,3,15.81,Spring rolls,2024-12-09 05:09:38,2024-12-09 05:09:38
,39,59,3,15.53,Cheeseburger,2024-12-09 05:09:38,2024-12-09 05:09:38
,39,15,3,12.39,Pepperoni,2024-12-09 05:09:38,2024-12-09 05:09:38
,40,106,1,15.34,Lentil soup,2024-12-08 20:37:52,2024-12-08 20:37:52
,40,3,2,11.21,Shawarma bowl,2024-12-08 20:37:52,2024-12-08 20:37:52
,40,29,2,10.91,Sushi platter,2024-12-08 20:37:52,2024-12-08 20:37:52
,41,72,2,18.62,Ribeye steak,2024-12-09 21:30:33,2024-12-09 21:30:33
,41,74,3,13.48,Pulled pork sandwich,2024-12-09 21:30:33,2024-12-09 21:30:33
,42,31,3,18.13,Miso soup,2024-12-16 07:47:49,2024-12-16 07:47:49
,43,126,1,10.92,Tofu stir-fry,2024-12-13 07:32:41,2024-12-13 07:32:41
,43,91,3,14.25,Lentil soup,2024-12-13 07:32:41,2024-12-13 07:32:41
,43,131,1,19.26,Vegan burger,2024-12-13 07:32:41,2024-12-13 07:32:41
,44,95,1,14.01,Tofu stir-fry,2024-12-06 10:17:22,2024-12-06 10:17:22
,44,33,3,19.16,Tempura,2024-12-06 10:17:22,2024-12-06 10:17:22
,45,101,1,8.45,Lentil soup,2024-12-09 07:06:33,2024-12-09 07:06:33
,45,81,1,13.77,Brisket,2024-12-09 07:06:33,2024-12-09 07:06:33
,45,72,3,18.62,Ribeye steak,2024-12-09 07:06:33,2024-12-09 07:06:33
,46,11,3,13.92,Pizza capricciosa,2024-12-06 22:54:10,2024-12-06 22:54:10
,46,104,3,13.82,Quinoa salad,2024-12-06 22:54:10,2024-12-06 22:54:10
,46,59,1,15.53,Cheeseburger,2024-12-06 22:54:10,2024-12-06 22:54:10
,47,8,3,17.63,Falafel wrap,2024-12-11 23:39:37,2024-12-11 23:39:37
,47,24,3,6.64,Dim sum,2024-12-11 23:39:37,2024-12-11 23:39:37
,47,145,1,18.77,Lentil soup,2024-12-11 23:39:37,2024-12-11 23:39:37
,48,87,2,11.5,Milkshake,2024-12-07 12:37:16,2024-12-07 12:37:16
,48,104,3,13.82,Quinoa salad,2024-12-07 12:37:16,2024-12-07 12:37:16
,48,120,1,14.4,Tofu stir-fry,2024-12-07 12:37:16,2024-12-07 12:37:16
,49,27,2,16.52,Tempura,2024-12-16 09:06:05,2024-12-16 09:06:05
,49,1,2,7.57,Hummus platter,2024-12-16 09:06:05,2024-12-16 09:06:05
,50,57,3,10.85,Veggie burger,2024-12-08 03:10:58,2024-12-08 03:10:58
,50,16,3,7.19,Margherita,2024-12-08 03:10:58,2024-12-08 03:10:58
,50,144,3,17.47,Tofu stir-fry,2024-12-08 03:10:58,2024-12-08 03:10:58
,51,134,2,19.97,Tofu stir-fry,2024-12-08 22:30:01,2024-12-08 22:30:01
,51,44,1,12.96,Japchae,2024-12-08 22:30:01,2024-12-08 22:30:01
,51,19,2,17.55,Sweet and sour pork,2024-12-08 22:30:01,2024-12-08 22:30:01
,52,135,2,16.08,Stuffed peppers,2024-12-08 13:15:38,2024-12-08 13:15:38
,52,130,2,6.79,Stuffed peppers,2024-12-08 13:15:38,2024-12-08 13:15:38
,52,104,3,13.82,Quinoa salad,2024-12-08 13:15:38,2024-12-08 13:15:38
,53,9,2,8.12,Shawarma bowl,2024-12-08 23:20:32,2024-12-08 23:20:32
,53,137,2,13.27,Quinoa salad,2024-12-08 23:20:32,2024-12-08 23:20:32
,54,77,2,16.6,Brisket,2024-12-11 20:42:22,2024-12-11 20:42:22
,55,79,1,9.95,Pulled pork sandwich,2024-12-14 01:51:58,2024-12-14 01:51:58
,55,48,2,15.72,Kimchi stew,2024-12-14 01:51:58,2024-12-14 01:51:58
,55,89,1,6.45,Stuffed peppers,2024-12-14 01:51:58,2024-12-14 01:51:58
,56,111,1,8.37,Quinoa salad,2024-12-13 14:51:58,2024-12-13 14:51:58
,57,32,3,13.28,Teriyaki chicken,2024-12-11 08:39:48,2024-12-11 08:39:48
,57,31,3,18.13,Miso soup,2024-12-11 08:39:48,2024-12-11 08:39:48
,57,88,1,13.82,Fried chicken,2024-12-11 08:39:48,2024-12-11 08:39:48
,58,94,1,14.52,Vegan burger,2024-12-10 02:37:08,2024-12-10 02:37:08
,58,22,3,19.65,Kung pao chicken,2024-12-10 02:37:08,2024-12-10 02:37:08
,58,45,1,19.67,Tteokbokki,2024-12-10 02:37:08,2024-12-10 02:37:08
,59,48,2,15.72,Kimchi stew,2024-12-15 23:34:43,2024-12-15 23:34:43
,59,78,1,16.55,Cornbread,2024-12-15 23:34:43,2024-12-15 23:34:43
,60,83,2,10.18,Hot dog,2024-12-09 10:27:39,2024-12-09 10:27:39
,60,150,1,11.15,Vegan burger,2024-12-09 10:27:39,2024-12-09 10:27:39
,60,64,2,17.82,Cheeseburger,2024-12-09 10:27:39,2024-12-09 10:27:39
,61,125,3,13.33,Quinoa salad,2024-12-09 15:58:02,2024-12-09 15:58:02
,61,8,2,17.63,Falafel wrap,2024-12-09 15:58:02,2024-12-09 15:58:02
,62,130,3,6.79,Stuffed peppers,2024-12-09 15:55:00,2024-12-09 15:55:00
,62,16,1,7.19,Margherita,2024-12-09 15:55:00,2024-12-09 15:55:00
,62,146,2,10.08,Stuffed peppers,2024-12-09 15:55:00,2024-12-09 15:55:00
,63,120,1,14.4,Tofu stir-fry,2024-12-10 07:58:29,2024-12-10 07:58:29
,64,1,3,7.57,Hummus platter,2024-12-16 05:05:30,2024-12-16 05:05:30
,64,26,1,17.01,Sweet and sour pork,2024-12-16 05:05:30,2024-12-16 05:05:30
,65,89,2,6.45,Stuffed peppers,2024-12-10 01:07:31,2024-12-10 01:07:31
,65,125,2,13.33,Quinoa salad,2024-12-10 01:07:31,2024-12-10 01:07:31
,65,39,3,10.56,Nachos,2024-12-10 01:07:31,2024-12-10 01:07:31
,66,71,3,8.56,Filet mignon,2024-12-08 22:35:13,2024-12-08 22:35:13
,67,32,3,13.28,Teriyaki chicken,2024-12-12 14:25:03,2024-12-12 14:25:03
,67,91,3,14.25,Lentil soup,2024-12-12 14:25:03,2024-12-12 14:25:03
,67,36,1,13.74,Quesadilla,2024-12-12 14:25:03,2024-12-12 14:25:03
,68,13,3,15.55,Vegetarian,2024-12-06 19:51:13,2024-12-06 19:51:13
,68,140,3,11.17,Tofu stir-fry,2024-12-06 19:51:13,2024-12-06 19:51:13
,69,80,1,11.48,Cornbread,2024-12-16 06:20:25,2024-12-16 06:20:25
,69,28,3,15.15,Teriyaki chicken,2024-12-16 06:20:25,2024-12-16 06:20:25
,69,5,1,5.26,Kebab plate,2024-12-16 06:20:25,2024-12-16 06:20:25
,70,88,2,13.82,Fried chicken,2024-12-12 07:48:58,2024-12-12 07:48:58
,70,9,2,8.12,Shawarma bowl,2024-12-12 07:48:58,2024-12-12 07:48:58
,70,22,1,19.65,Kung pao chicken,2024-12-12 07:48:58,2024-12-12 07:48:58
,71,111,3,8.37,Quinoa salad,2024-12-06 22:56:46,2024-12-06 22:56:46
,72,32,1,13.28,Teriyaki chicken,2024-12-08 08:21:24,2024-12-08 08:21:24
,72,26,3,17.01,Sweet and sour pork,2024-12-08 08:21:24,2024-12-08 08:21:24
,73,25,2,8.93,Fried rice,2024-12-11 04:52:59,2024-12-11 04:52:59
,73,102,1,14.04,Vegan burger,2024-12-11 04:52:59,2024-12-11 04:52:59
,73,8,2,17.63,Falafel wrap,2024-12-11 04:52:59,2024-12-11 04:52:59
,74,98,3,13.8,Quinoa salad,2024-12-15 00:11:49,2024-12-15 00:11:49
,74,66,2,8.17,Filet mignon,2024-12-15 00:11:49,2024-12-15 00:11:49
,75,110,2,6.23,Lentil soup,2024-12-11 03:48:57,2024-12-11 03:48:57
,75,27,2,16.52,Tempura,2024-12-11 03:48:57,2024-12-11 03:48:57
,76,129,3,10.7,Tofu stir-fry,2024-12-08 10:11:45,2024-12-08 10:11:45
,77,42,1,7.22,Tacos,2024-12-12 08:48:43,2024-12-12 08:48:43
,77,126,1,10.92,Tofu stir-fry,2024-12-12 08:48:43,2024-12-12 08:48:43
,77,89,2,6.45,Stuffed peppers,2024-12-12 08:48:43,2024-12-12 08:48:43
,78,105,1,17.91,Vegan burger,2024-12-07 20:13:36,2024-12-07 20:13:36
,78,3,3,11.21,Shawarma bowl,2024-12-07 20:13:36,2024-12-07 20:13:36
,78,86,1,15.51,Chicken nuggets,2024-12-07 20:13:36,2024-12-07 20:13:36
,79,17,2,7.73,Hawaiian,2024-12-10 11:27:46,2024-12-10 11:27:46
,80,34,1,14.83,Sushi platter,2024-12-10 01:26:13,2024-12-10 01:26:13
,81,44,2,12.96,Japchae,2024-12-14 18:24:54,2024-12-14 18:24:54
,82,131,1,19.26,Vegan burger,2024-12-15 19:41:51,2024-12-15 19:41:51
,82,147,2,18.13,Stuffed peppers,2024-12-15 19:41:51,2024-12-15 19:41:51
,83,15,1,12.39,Pepperoni,2024-12-13 02:22:15,2024-12-13 02:22:15
,84,44,1,12.96,Japchae,2024-12-12 16:27:08,2024-12-12 16:27:08
,84,73,1,15.78,Steak tartare,2024-12-12 16:27:08,2024-12-12 16:27:08
,84,141,3,15.9,Lentil soup,2024-12-12 16:27:08,2024-12-12 16:27:08
,85,109,3,17.08,Tofu stir-fry,2024-12-08 07:58:12,2024-12-08 07:58:12
,86,80,1,11.48,Cornbread,2024-12-11 18:20:29,2024-12-11 18:20:29
,86,1,3,7.57,Hummus platter,2024-12-11 18:20:29,2024-12-11 18:20:29
,87,4,1,11.88,Mixed grill,2024-12-13 15:53:44,2024-12-13 15:53:44
,88,35,3,13.56,Ramen,2024-12-12 15:16:02,2024-12-12 15:16:02
,88,43,1,10.23,Bibimbap,2024-12-12 15:16:02,2024-12-12 15:16:02
,88,81,1,13.77,Brisket,2024-12-12 15:16:02,2024-12-12 15:16:02
,89,109,3,17.08,Tofu stir-fry,2024-12-15 01:53:27,2024-12-15 01:53:27
,89,144,1,17.47,Tofu stir-fry,2024-12-15 01:53:27,2024-12-15 01:53:27
,89,147,1,18.13,Stuffed peppers,2024-12-15 01:53:27,2024-12-15 01:53:27
,90,120,1,14.4,Tofu stir-fry,2024-12-13 03:43:16,2024-12-13 03:43:16
,90,104,1,13.82,Quinoa salad,2024-12-13 03:43:16,2024-12-13 03:43:16
,91,46,3,12.17,Korean bbq,2024-12-14 12:01:17,2024-12-14 12:01:17
,91,105,1,17.91,Vegan burger,2024-12-14 12:01:17,2024-12-14 12:01:17
,92,63,1,17.11,Classic burger,2024-12-11 11:44:30,2024-12-11 11:44:30
,92,120,2,14.4,Tofu stir-fry,2024-12-11 11:44:30,2024-12-11 11:44:30
,93,9,3,8.12,Shawarma bowl,2024-12-12 23:02:15,2024-12-12 23:02:15
,93,51,3,10.65,Biryani,2024-12-12 23:02:15,2024-12-12 23:02:15
,94,12,2,11.73,Four cheese,2024-12-09 00:23:50,2024-12-09 00:23:50
,95,97,1,13.22,Stuffed peppers,2024-12-14 06:20:49,2024-12-14 06:20:49
,95,41,1,12.61,Burrito,2024-12-14 06:20:49,2024-12-14 06:20:49
,96,127,1,11.52,Lentil soup,2024-12-07 03:20:01,2024-12-07 03:20:01
,96,52,1,5.47,Butter naan,2024-12-07 03:20:01,2024-12-07 03:20:01
,97,32,1,13.28,Teriyaki chicken,2024-12-09 08:15:17,2024-12-09 08:15:17
,97,128,1,7.72,Stuffed peppers,2024-12-09 08:15:17,2024-12-09 08:15:17
,98,141,2,15.9,Lentil soup,2024-12-06 16:04:58,2024-12-06 16:04:58
,99,108,3,14.01,Tofu stir-fry,2024-12-12 08:20:04,2024-12-12 08:20:04
,100,75,1,16.61,Bbq ribs,2024-12-12 13:35:31,2024-12-12 13:35:31
,100,118,1,10.98,Tofu stir-fry,2024-12-12 13:35:31,2024-12-12 13:35:31
,101,68,2,8.7,Porterhouse steak,2024-12-15 20:47:05,2024-12-15 20:47:05
,101,112,3,14.93,Vegan burger,2024-12-15 20:47:05,2024-12-15 20:47:05
,101,71,3,8.56,Filet mignon,2024-12-15 20:47:05,2024-12-15 20:47:05
,102,37,3,14.8,Tacos,2024-12-15 11:00:13,2024-12-15 11:00:13
,103,125,1,13.33,Quinoa salad,2024-12-11 16:15:13,2024-12-11 16:15:13
,104,123,3,8.31,Lentil soup,2024-12-11 11:20:13,2024-12-11 11:20:13
,104,39,1,10.56,Nachos,2024-12-11 11:20:13,2024-12-11 11:20:13
,104,20,3,19.88,Kung pao chicken,2024-12-11 11:20:13,2024-12-11 11:20:13
,105,78,3,16.55,Cornbread,2024-12-16 13:38:15,2024-12-16 13:38:15
,105,150,2,11.15,Vegan burger,2024-12-16 13:38:15,2024-12-16 13:38:15
,106,132,2,13.25,Quinoa salad,2024-12-15 15:42:07,2024-12-15 15:42:07
,106,101,1,8.45,Lentil soup,2024-12-15 15:42:07,2024-12-15 15:42:07
,107,4,3,11.88,Mixed grill,2024-12-09 10:49:54,2024-12-09 10:49:54
,107,81,3,13.77,Brisket,2024-12-09 10:49:54,2024-12-09 10:49:54
,108,92,2,6.41,Quinoa salad,2024-12-11 23:52:32,2024-12-11 23:52:32
,108,136,1,12.04,Vegan burger,2024-12-11 23:52:32,2024-12-11 23:52:32
,109,104,2,13.82,Quinoa salad,2024-12-11 04:49:00,2024-12-11 04:49:00
,109,37,3,14.8,Tacos,2024-12-11 04:49:00,2024-12-11 04:49:00
,110,106,1,15.34,Lentil soup,2024-12-12 03:54:07,2024-12-12 03:54:07
,110,134,1,19.97,Tofu stir-fry,2024-12-12 03:54:07,2024-12-12 03:54:07
,111,29,3,10.91,Sushi platter,2024-12-11 11:51:10,2024-12-11 11:51:10
,111,127,2,11.52,Lentil soup,2024-12-11 11:51:10,2024-12-11 11:51:10
,112,132,2,13.25,Quinoa salad,2024-12-06 17:13:24,2024-12-06 17:13:24
,112,62,3,12.4,Double cheeseburger,2024-12-06 17:13:24,2024-12-06 17:13:24
,112,78,2,16.55,Cornbread,2024-12-06 17:13:24,2024-12-06 17:13:24
,113,32,2,13.28,Teriyaki chicken,2024-12-08 21:31:58,2024-12-08 21:31:58
,114,128,2,7.72,Stuffed peppers,2024-12-09 04:38:38,2024-12-09 04:38:38
,115,139,1,8.74,Tofu stir-fry,2024-12-11 13:24:58,2024-12-11 13:24:58
,116,111,3,8.37,Quinoa salad,2024-12-16 21:54:33,2024-12-16 21:54:33
,117,42,3,7.22,Tacos,2024-12-10 07:57:37,2024-12-10 07:57:37
,117,6,2,9.21,Mixed grill,2024-12-10 07:57:37,2024-12-10 07:57:37
,117,52,2,5.47,Butter naan,2024-12-10 07:57:37,2024-12-10 07:57:37
,118,69,1,18.5,Porterhouse steak,2024-12-10 19:09:12,2024-12-10 19:09:12
,119,84,3,13.08,Fried chicken,2024-12-12 10:42:41,2024-12-12 10:42:41
,120,36,2,13.74,Quesadilla,2024-12-10 01:53:52,2024-12-10 01:53:52
,120,46,2,12.17,Korean bbq,2024-12-10 01:53:52,2024-12-10 01:53:52
,121,91,1,14.25,Lentil soup,2024-12-14 01:41:35,2024-12-14 01:41:35
,121,31,3,18.13,Miso soup,2024-12-14 01:41:35,2024-12-14 01:41:35
,121,48,1,15.72,Kimchi stew,2024-12-14 01:41:35,2024-12-14 01:41:35
,122,54,2,13.54,Paneer curry,2024-12-16 04:21:29,2024-12-16 04:21:29
,122,66,1,8.17,Filet mignon,2024-12-16 04:21:29,2024-12-16 04:21:29
,123,146,3,10.08,Stuffed peppers,2024-12-09 06:22:49,2024-12-09 06:22:49
,124,100,2,9.8,Quinoa salad,2024-12-15 13:55:57,2024-12-15 13:55:57
,125,67,2,11.93,Steak tartare,2024-12-16 03:00:03,2024-12-16 03:00:03
,125,103,2,19.48,Stuffed peppers,2024-12-16 03:00:03,2024-12-16 03:00:03
,125,151,1,12.87,Tofu stir-fry,2024-12-16 03:00:03,2024-12-16 03:00:03
,126,133,1,16.25,Lentil soup,2024-12-11 15:38:15,2024-12-11 15:38:15
,126,132,3,13.25,Quinoa salad,2024-12-11 15:38:15,2024-12-11 15:38:15
,127,54,1,13.54,Paneer curry,2024-12-11 20:31:24,2024-12-11 20:31:24
,128,11,2,13.92,Pizza capricciosa,2024-12-16 06:01:30,2024-12-16 06:01:30
,128,148,1,19.38,Quinoa salad,2024-12-16 06:01:30,2024-12-16 06:01:30
,128,52,3,5.47,Butter naan,2024-12-16 06:01:30,2024-12-16 06:01:30
,129,32,3,13.28,Teriyaki chicken,2024-12-10 21:37:11,2024-12-10 21:37:11
,129,91,3,14.25,Lentil soup,2024-12-10 21:37:11,2024-12-10 21:37:11
,129,73,2,15.78,Steak tartare,2024-12-10 21:37:11,2024-12-10 21:37:11
,130,17,1,7.73,Hawaiian,2024-12-07 16:02:37,2024-12-07 16:02:37
,130,92,2,6.41,Quinoa salad,2024-12-07 16:02:37,2024-12-07 16:02:37
,130,129,1,10.7,Tofu stir-fry,2024-12-07 16:02:37,2024-12-07 16:02:37
,131,42,1,7.22,Tacos,2024-12-09 07:03:10,2024-12-09 07:03:10
,131,37,3,14.8,Tacos,2024-12-09 07:03:10,2024-12-09 07:03:10
,132,50,3,6.31,Chicken tikka masala,2024-12-13 12:18:09,2024-12-13 12:18:09
,133,31,1,18.13,Miso soup,2024-12-13 18:01:31,2024-12-13 18:01:31
,134,61,1,8.82,Bacon burger,2024-12-10 23:49:04,2024-12-10 23:49:04
,134,119,3,18.47,Vegan burger,2024-12-10 23:49:04,2024-12-10 23:49:04
,134,98,3,13.8,Quinoa salad,2024-12-10 23:49:04,2024-12-10 23:49:04
,135,55,2,18.56,Biryani,2024-12-12 14:20:23,2024-12-12 14:20:23
,135,46,1,12.17,Korean bbq,2024-12-12 14:20:23,2024-12-12 14:20:23
,135,52,1,5.47,Butter naan,2024-12-12 14:20:23,2024-12-12 14:20:23
,136,103,3,19.48,Stuffed peppers,2024-12-12 16:54:20,2024-12-12 16:54:20
,136,121,2,14.01,Quinoa salad,2024-12-12 16:54:20,2024-12-12 16:54:20
,137,145,2,18.77,Lentil soup,2024-12-11 07:25:02,2024-12-11 07:25:02
,138,144,2,17.47,Tofu stir-fry,2024-12-14 07:48:29,2024-12-14 07:48:29
,138,37,3,14.8,Tacos,2024-12-14 07:48:29,2024-12-14 07:48:29
,139,29,2,10.91,Sushi platter,2024-12-13 13:41:41,2024-12-13 13:41:41
,140,11,1,13.92,Pizza capricciosa,2024-12-15 09:01:36,2024-12-15 09:01:36
,140,35,3,13.56,Ramen,2024-12-15 09:01:36,2024-12-15 09:01:36
,140,13,3,15.55,Vegetarian,2024-12-15 09:01:36,2024-12-15 09:01:36
,141,45,1,19.67,Tteokbokki,2024-12-12 19:11:53,2024-12-12 19:11:53
,141,61,1,8.82,Bacon burger,2024-12-12 19:11:53,2024-12-12 19:11:53
,142,82,3,12.26,Bbq ribs,2024-12-10 16:55:54,2024-12-10 16:55:54
,142,18,2,15.4,Dim sum,2024-12-10 16:55:54,2024-12-10 16:55:54
,143,149,2,13.42,Lentil soup,2024-12-13 03:32:58,2024-12-13 03:32:58
,143,61,1,8.82,Bacon burger,2024-12-13 03:32:58,2024-12-13 03:32:58
,143,85,3,5.39,Fries,2024-12-13 03:32:58,2024-12-13 03:32:58
,144,151,3,12.87,Tofu stir-fry,2024-12-06 13:27:55,2024-12-06 13:27:55
,144,62,3,12.4,Double cheeseburger,2024-12-06 13:27:55,2024-12-06 13:27:55
,145,54,1,13.54,Paneer curry,2024-12-06 19:48:06,2024-12-06 19:48:06
,145,138,2,19.45,Lentil soup,2024-12-06 19:48:06,2024-12-06 19:48:06
,145,94,3,14.52,Vegan burger,2024-12-06 19:48:06,2024-12-06 19:48:06
,146,53,1,16.22,Butter naan,2024-12-11 15:59:26,2024-12-11 15:59:26
,147,65,3,11.52,Veggie burger,2024-12-12 00:00:41,2024-12-12 00:00:41
,147,102,1,14.04,Vegan burger,2024-12-12 00:00:41,2024-12-12 00:00:41
,147,49,3,19.74,Bibimbap,2024-12-12 00:00:41,2024-12-12 00:00:41
,148,114,3,5.88,Stuffed peppers,2024-12-16 04:51:34,2024-12-16 04:51:34
,148,26,1,17.01,Sweet and sour pork,2024-12-16 04:51:34,2024-12-16 04:51:34
,148,76,2,10.93,Bbq chicken,2024-12-16 04:51:34,2024-12-16 04:51:34
,149,109,3,17.08,Tofu stir-fry,2024-12-09 01:59:04,2024-12-09 01:59:04
,149,58,2,13.4,Double cheeseburger,2024-12-09 01:59:04,2024-12-09 01:59:04
,149,120,2,14.4,Tofu stir-fry,2024-12-09 01:59:04,2024-12-09 01:59:04
,150,35,1,13.56,Ramen,2024-12-13 04:30:30,2024-12-13 04:30:30
,150,104,1,13.82,Quinoa salad,2024-12-13 04:30:30,2024-12-13 04:30:30
,150,32,2,13.28,Teriyaki chicken,2024-12-13 04:30:30,2024-12-13 04:30:30
,151,75,1,16.61,Bbq ribs,2024-12-09 00:51:52,2024-12-09 00:51:52
,151,147,1,18.13,Stuffed peppers,2024-12-09 00:51:52,2024-12-09 00:51:52
,151,143,1,6.34,Vegan burger,2024-12-09 00:51:52,2024-12-09 00:51:52
,152,13,3,15.55,Vegetarian,2024-12-12 18:06:54,2024-12-12 18:06:54
,152,28,3,15.15,Teriyaki chicken,2024-12-12 18:06:54,2024-12-12 18:06:54
,153,109,1,17.08,Tofu stir-fry,2024-12-10 21:33:51,2024-12-10 21:33:51
,153,55,2,18.56,Biryani,2024-12-10 21:33:51,2024-12-10 21:33:51
,154,19,2,17.55,Sweet and sour pork,2024-12-06 22:14:29,2024-12-06 22:14:29
,154,151,3,12.87,Tofu stir-fry,2024-12-06 22:14:29,2024-12-06 22:14:29
,155,3,2,11.21,Shawarma bowl,2024-12-08 01:59:22,2024-12-08 01:59:22
,155,85,1,5.39,Fries,2024-12-08 01:59:22,2024-12-08 01:59:22
,155,68,2,8.7,Porterhouse steak,2024-12-08 01:59:22,2024-12-08 01:59:22
,156,71,1,8.56,Filet mignon,2024-12-09 11:34:44,2024-12-09 11:34:44
,157,42,3,7.22,Tacos,2024-12-11 19:47:01,2024-12-11 19:47:01
,157,141,3,15.9,Lentil soup,2024-12-11 19:47:01,2024-12-11 19:47:01
,158,92,3,6.41,Quinoa salad,2024-12-12 19:24:28,2024-12-12 19:24:28
,158,136,1,12.04,Vegan burger,2024-12-12 19:24:28,2024-12-12 19:24:28
,158,128,2,7.72,Stuffed peppers,2024-12-12 19:24:28,2024-12-12 19:24:28
,159,136,1,12.04,Vegan burger,2024-12-10 09:44:30,2024-12-10 09:44:30
,160,60,1,5.3,Classic burger,2024-12-08 18:17:21,2024-12-08 18:17:21
,161,72,3,18.62,Ribeye steak,2024-12-15 13:22:33,2024-12-15 13:22:33
,161,122,3,16.69,Stuffed peppers,2024-12-15 13:22:33,2024-12-15 13:22:33
,161,75,2,16.61,Bbq ribs,2024-12-15 13:22:33,2024-12-15 13:22:33
,162,52,2,5.47,Butter naan,2024-12-16 05:35:04,2024-12-16 05:35:04
,162,14,1,18.8,Four cheese,2024-12-16 05:35:04,2024-12-16 05:35:04
,162,19,3,17.55,Sweet and sour pork,2024-12-16 05:35:04,2024-12-16 05:35:04
,163,114,1,5.88,Stuffed peppers,2024-12-16 05:34:00,2024-12-16 05:34:00
,163,130,2,6.79,Stuffed peppers,2024-12-16 05:34:00,2024-12-16 05:34:00
,163,68,1,8.7,Porterhouse steak,2024-12-16 05:34:00,2024-12-16 05:34:00
,164,142,3,14.99,Stuffed peppers,2024-12-08 01:52:56,2024-12-08 01:52:56
,164,65,3,11.52,Veggie burger,2024-12-08 01:52:56,2024-12-08 01:52:56
,164,81,1,13.77,Brisket,2024-12-08 01:52:56,2024-12-08 01:52:56
,165,94,3,14.52,Vegan burger,2024-12-11 17:01:54,2024-12-11 17:01:54
,165,54,2,13.54,Paneer curry,2024-12-11 17:01:54,2024-12-11 17:01:54
,165,16,3,7.19,Margherita,2024-12-11 17:01:54,2024-12-11 17:01:54
,166,121,1,14.01,Quinoa salad,2024-12-12 21:32:21,2024-12-12 21:32:21
,167,84,3,13.08,Fried chicken,2024-12-08 06:07:07,2024-12-08 06:07:07
,167,45,2,19.67,Tteokbokki,2024-12-08 06:07:07,2024-12-08 06:07:07
,167,131,3,19.26,Vegan burger,2024-12-08 06:07:07,2024-12-08 06:07:07
,168,64,2,17.82,Cheeseburger,2024-12-08 12:16:37,2024-12-08 12:16:37
,168,94,2,14.52,Vegan burger,2024-12-08 12:16:37,2024-12-08 12:16:37
,168,44,2,12.96,Japchae,2024-12-08 12:16:37,2024-12-08 12:16:37
,169,142,3,14.99,Stuffed peppers,2024-12-15 10:53:29,2024-12-15 10:53:29
,169,85,2,5.39,Fries,2024-12-15 10:53:29,2024-12-15 10:53:29
,170,104,3,13.82,Quinoa salad,2024-12-09 13:00:29,2024-12-09 13:00:29
,170,88,3,13.82,Fried chicken,2024-12-09 13:00:29,2024-12-09 13:00:29
,170,22,2,19.65,Kung pao chicken,2024-12-09 13:00:29,2024-12-09 13:00:29
,171,5,2,5.26,Kebab plate,2024-12-10 02:11:59,2024-12-10 02:11:59
,171,28,2,15.15,Teriyaki chicken,2024-12-10 02:11:59,2024-12-10 02:11:59
,172,48,1,15.72,Kimchi stew,2024-12-16 17:51:29,2024-12-16 17:51:29
,172,114,2,5.88,Stuffed peppers,2024-12-16 17:51:29,2024-12-16 17:51:29
,172,92,2,6.41,Quinoa salad,2024-12-16 17:51:29,2024-12-16 17:51:29
,173,110,3,6.23,Lentil soup,2024-12-11 06:29:16,2024-12-11 06:29:16
,173,28,2,15.15,Teriyaki chicken,2024-12-11 06:29:16,2024-12-11 06:29:16
,174,81,2,13.77,Brisket,2024-12-10 01:12:05,2024-12-10 01:12:05
,175,146,3,10.08,Stuffed peppers,2024-12-14 23:12:48,2024-12-14 23:12:48
,175,49,3,19.74,Bibimbap,2024-12-14 23:12:48,2024-12-14 23:12:48
,176,70,2,5.48,T-bone steak,2024-12-15 00:57:53,2024-12-15 00:57:53
,176,81,1,13.77,Brisket,2024-12-15 00:57:53,2024-12-15 00:57:53
,176,150,2,11.15,Vegan burger,2024-12-15 00:57:53,2024-12-15 00:57:53
,177,144,2,17.47,Tofu stir-fry,2024-12-16 12:53:58,2024-12-16 12:53:58
,177,12,2,11.73,Four cheese,2024-12-16 12:53:58,2024-12-16 12:53:58
,178,78,1,16.55,Cornbread,2024-12-09 05:02:36,2024-12-09 05:02:36
,178,65,3,11.52,Veggie burger,2024-12-09 05:02:36,2024-12-09 05:02:36
,179,6,2,9.21,Mixed grill,2024-12-12 09:46:34,2024-12-12 09:46:34
,180,124,1,13.63,Vegan burger,2024-12-14 22:52:13,2024-12-14 22:52:13
,180,80,2,11.48,Cornbread,2024-12-14 22:52:13,2024-12-14 22:52:13
,181,98,3,13.8,Quinoa salad,2024-12-11 23:33:58,2024-12-11 23:33:58
,181,148,2,19.38,Quinoa salad,2024-12-11 23:33:58,2024-12-11 23:33:58
,181,60,3,5.3,Classic burger,2024-12-11 23:33:58,2024-12-11 23:33:58
,182,123,3,8.31,Lentil soup,2024-12-15 02:26:17,2024-12-15 02:26:17
,183,129,3,10.7,Tofu stir-fry,2024-12-10 04:37:49,2024-12-10 04:37:49
,183,7,1,15.22,Kebab plate,2024-12-10 04:37:49,2024-12-10 04:37:49
,183,121,3,14.01,Quinoa salad,2024-12-10 04:37:49,2024-12-10 04:37:49
,184,120,3,14.4,Tofu stir-fry,2024-12-10 07:51:45,2024-12-10 07:51:45
,184,48,1,15.72,Kimchi stew,2024-12-10 07:51:45,2024-12-10 07:51:45
,185,101,3,8.45,Lentil soup,2024-12-09 22:03:45,2024-12-09 22:03:45
,185,2,1,13.64,Falafel wrap,2024-12-09 22:03:45,2024-12-09 22:03:45
,185,135,1,16.08,Stuffed peppers,2024-12-09 22:03:45,2024-12-09 22:03:45
,186,81,3,13.77,Brisket,2024-12-08 02:51:14,2024-12-08 02:51:14
,186,91,3,14.25,Lentil soup,2024-12-08 02:51:14,2024-12-08 02:51:14
,187,81,1,13.77,Brisket,2024-12-06 12:16:35,2024-12-06 12:16:35
,188,73,2,15.78,Steak tartare,2024-12-16 07:52:28,2024-12-16 07:52:28
,188,57,2,10.85,Veggie burger,2024-12-16 07:52:28,2024-12-16 07:52:28
,188,88,3,13.82,Fried chicken,2024-12-16 07:52:28,2024-12-16 07:52:28
,189,131,3,19.26,Vegan burger,2024-12-14 08:17:58,2024-12-14 08:17:58
,189,81,2,13.77,Brisket,2024-12-14 08:17:58,2024-12-14 08:17:58
,189,20,1,19.88,Kung pao chicken,2024-12-14 08:17:58,2024-12-14 08:17:58
,190,147,2,18.13,Stuffed peppers,2024-12-15 18:40:41,2024-12-15 18:40:41
,191,79,3,9.95,Pulled pork sandwich,2024-12-11 05:41:12,2024-12-11 05:41:12
,191,127,2,11.52,Lentil soup,2024-12-11 05:41:12,2024-12-11 05:41:12
,191,142,1,14.99,Stuffed peppers,2024-12-11 05:41:12,2024-12-11 05:41:12
,192,28,2,15.15,Teriyaki chicken,2024-12-08 14:27:24,2024-12-08 14:27:24
,192,113,1,16.35,Stuffed peppers,2024-12-08 14:27:24,2024-12-08 14:27:24
,192,149,2,13.42,Lentil soup,2024-12-08 14:27:24,2024-12-08 14:27:24
,193,145,3,18.77,Lentil soup,2024-12-12 09:21:03,2024-12-12 09:21:03
,193,92,1,6.41,Quinoa salad,2024-12-12 09:21:03,2024-12-12 09:21:03
,194,63,1,17.11,Classic burger,2024-12-07 18:03:33,2024-12-07 18:03:33
,194,72,1,18.62,Ribeye steak,2024-12-07 18:03:33,2024-12-07 18:03:33
,195,42,2,7.22,Tacos,2024-12-07 00:11:43,2024-12-07 00:11:43
,195,139,1,8.74,Tofu stir-fry,2024-12-07 00:11:43,2024-12-07 00:11:43
,195,33,3,19.16,Tempura,2024-12-07 00:11:43,2024-12-07 00:11:43
,196,151,2,12.87,Tofu stir-fry,2024-12-15 12:02:35,2024-12-15 12:02:35
,196,51,1,10.65,Biryani,2024-12-15 12:02:35,2024-12-15 12:02:35
,197,80,2,11.48,Cornbread,2024-12-16 02:26:48,2024-12-16 02:26:48
,197,74,2,13.48,Pulled pork sandwich,2024-12-16 02:26:48,2024-12-16 02:26:48
,197,142,3,14.99,Stuffed peppers,2024-12-16 02:26:48,2024-12-16 02:26:48
,198,87,1,11.5,Milkshake,2024-12-09 13:06:25,2024-12-09 13:06:25
,199,47,2,18.36,Korean bbq,2024-12-06 12:54:47,2024-12-06 12:54:47
,199,125,2,13.33,Quinoa salad,2024-12-06 12:54:47,2024-12-06 12:54:47
,200,128,3,7.72,Stuffed peppers,2024-12-16 14:21:15,2024-12-16 14:21:15
,200,4,2,11.88,Mixed grill,2024-12-16 14:21:15,2024-12-16 14:21:15
,201,106,2,15.34,Lentil soup,2024-12-16 02:59:47,2024-12-16 02:59:47
,201,5,1,5.26,Kebab plate,2024-12-16 02:59:47,2024-12-16 02:59:47
,202,58,3,13.4,Double cheeseburger,2024-12-09 16:20:18,2024-12-09 16:20:18
,202,69,2,18.5,Porterhouse steak,2024-12-09 16:20:18,2024-12-09 16:20:18
,203,31,2,18.13,Miso soup,2024-12-09 13:32:56,2024-12-09 13:32:56
,204,8,3,17.63,Falafel wrap,2024-12-15 04:22:38,2024-12-15 04:22:38
,204,62,3,12.4,Double cheeseburger,2024-12-15 04:22:38,2024-12-15 04:22:38
,204,60,3,5.3,Classic burger,2024-12-15 04:22:38,2024-12-15 04:22:38
,205,20,2,19.88,Kung pao chicken,2024-12-08 04:56:05,2024-12-08 04:56:05
,205,78,2,16.55,Cornbread,2024-12-08 04:56:05,2024-12-08 04:56:05
,206,75,2,16.61,Bbq ribs,2024-12-14 13:07:22,2024-12-14 13:07:22
,206,20,2,19.88,Kung pao chicken,2024-12-14 13:07:22,2024-12-14 13:07:22
,207,8,1,17.63,Falafel wrap,2024-12-09 08:54:35,2024-12-09 08:54:35
,207,92,1,6.41,Quinoa salad,2024-12-09 08:54:35,2024-12-09 08:54:35
,208,95,3,14.01,Tofu stir-fry,2024-12-13 20:12:57,2024-12-13 20:12:57
,208,96,2,6.21,Lentil soup,2024-12-13 20:12:57,2024-12-13 20:12:57
,208,125,1,13.33,Quinoa salad,2024-12-13 20:12:57,2024-12-13 20:12:57
,209,84,1,13.08,Fried chicken,2024-12-16 08:58:10,2024-12-16 08:58:10
,209,11,2,13.92,Pizza capricciosa,2024-12-16 08:58:10,2024-12-16 08:58:10
,210,27,1,16.52,Tempura,2024-12-09 16:53:22,2024-12-09 16:53:22
,211,42,2,7.22,Tacos,2024-12-06 13:01:25,2024-12-06 13:01:25
,211,16,1,7.19,Margherita,2024-12-06 13:01:25,2024-12-06 13:01:25
,211,43,1,10.23,Bibimbap,2024-12-06 13:01:25,2024-12-06 13:01:25
,212,124,1,13.63,Vegan burger,2024-12-10 08:03:24,2024-12-10 08:03:24
,213,60,2,5.3,Classic burger,2024-12-11 11:48:09,2024-12-11 11:48:09
,213,50,1,6.31,Chicken tikka masala,2024-12-11 11:48:09,2024-12-11 11:48:09
,214,117,2,6.82,Quinoa salad,2024-12-07 18:33:41,2024-12-07 18:33:41
,214,48,3,15.72,Kimchi stew,2024-12-07 18:33:41,2024-12-07 18:33:41
,215,61,2,8.82,Bacon burger,2024-12-07 23:47:20,2024-12-07 23:47:20
,215,146,2,10.08,Stuffed peppers,2024-12-07 23:47:20,2024-12-07 23:47:20
,216,50,3,6.31,Chicken tikka masala,2024-12-12 16:26:32,2024-12-12 16:26:32
,216,135,2,16.08,Stuffed peppers,2024-12-12 16:26:32,2024-12-12 16:26:32
,216,2,2,13.64,Falafel wrap,2024-12-12 16:26:32,2024-12-12 16:26:32
,217,12,1,11.73,Four cheese,2024-12-11 01:31:11,2024-12-11 01:31:11
,217,24,3,6.64,Dim sum,2024-12-11 01:31:11,2024-12-11 01:31:11
,217,148,3,19.38,Quinoa salad,2024-12-11 01:31:11,2024-12-11 01:31:11
,218,96,2,6.21,Lentil soup,2024-12-13 01:05:43,2024-12-13 01:05:43
,218,76,1,10.93,Bbq chicken,2024-12-13 01:05:43,2024-12-13 01:05:43
,219,28,3,15.15,Teriyaki chicken,2024-12-13 11:58:53,2024-12-13 11:58:53
,219,66,2,8.17,Filet mignon,2024-12-13 11:58:53,2024-12-13 11:58:53
,219,24,3,6.64,Dim sum,2024-12-13 11:58:53,2024-12-13 11:58:53
,220,102,2,14.04,Vegan burger,2024-12-07 15:15:00,2024-12-07 15:15:00
,221,91,3,14.25,Lentil soup,2024-12-06 16:36:45,2024-12-06 16:36:45
,221,88,1,13.82,Fried chicken,2024-12-06 16:36:45,2024-12-06 16:36:45
,221,100,3,9.8,Quinoa salad,2024-12-06 16:36:45,2024-12-06 16:36:45
,222,24,3,6.64,Dim sum,2024-12-11 08:08:20,2024-12-11 08:08:20
,222,89,1,6.45,Stuffed peppers,2024-12-11 08:08:20,2024-12-11 08:08:20
,223,33,3,19.16,Tempura,2024-12-16 01:31:34,2024-12-16 01:31:34
,223,117,3,6.82,Quinoa salad,2024-12-16 01:31:34,2024-12-16 01:31:34
,224,105,3,17.91,Vegan burger,2024-12-09 00:00:57,2024-12-09 00:00:57
,224,11,3,13.92,Pizza capricciosa,2024-12-09 00:00:57,2024-12-09 00:00:57
,225,32,1,13.28,Teriyaki chicken,2024-12-16 02:16:08,2024-12-16 02:16:08
,225,128,2,7.72,Stuffed peppers,2024-12-16 02:16:08,2024-12-16 02:16:08
,226,95,1,14.01,Tofu stir-fry,2024-12-12 20:05:08,2024-12-12 20:05:08
,226,23,2,12.01,Spring rolls,2024-12-12 20:05:08,2024-12-12 20:05:08
,227,37,3,14.8,Tacos,2024-12-15 22:59:51,2024-12-15 22:59:51
,227,95,2,14.01,Tofu stir-fry,2024-12-15 22:59:51,2024-12-15 22:59:51
,228,39,3,10.56,Nachos,2024-12-09 14:57:55,2024-12-09 14:57:55
,229,93,2,18.13,Vegan burger,2024-12-07 16:12:30,2024-12-07 16:12:30
,229,28,2,15.15,Teriyaki chicken,2024-12-07 16:12:30,2024-12-07 16:12:30
,230,18,1,15.4,Dim sum,2024-12-11 03:07:54,2024-12-11 03:07:54
,230,36,3,13.74,Quesadilla,2024-12-11 03:07:54,2024-12-11 03:07:54
,231,72,1,18.62,Ribeye steak,2024-12-12 18:22:34,2024-12-12 18:22:34
,231,110,1,6.23,Lentil soup,2024-12-12 18:22:34,2024-12-12 18:22:34
,232,46,2,12.17,Korean bbq,2024-12-08 02:34:08,2024-12-08 02:34:08
,232,35,1,13.56,Ramen,2024-12-08 02:34:08,2024-12-08 02:34:08
,232,107,2,10.37,Stuffed peppers,2024-12-08 02:34:08,2024-12-08 02:34:08
,233,14,3,18.8,Four cheese,2024-12-10 17:04:42,2024-12-10 17:04:42
,233,109,1,17.08,Tofu stir-fry,2024-12-10 17:04:42,2024-12-10 17:04:42
,233,36,3,13.74,Quesadilla,2024-12-10 17:04:42,2024-12-10 17:04:42
,234,21,2,15.81,Spring rolls,2024-12-13 09:02:44,2024-12-13 09:02:44
,234,5,2,5.26,Kebab plate,2024-12-13 09:02:44,2024-12-13 09:02:44
,235,126,1,10.92,Tofu stir-fry,2024-12-12 14:07:59,2024-12-12 14:07:59
,235,113,2,16.35,Stuffed peppers,2024-12-12 14:07:59,2024-12-12 14:07:59
,236,70,1,5.48,T-bone steak,2024-12-11 00:23:30,2024-12-11 00:23:30
,236,72,1,18.62,Ribeye steak,2024-12-11 00:23:30,2024-12-11 00:23:30
,237,122,2,16.69,Stuffed peppers,2024-12-11 15:34:53,2024-12-11 15:34:53
,238,35,3,13.56,Ramen,2024-12-08 21:33:30,2024-12-08 21:33:30
,238,127,2,11.52,Lentil soup,2024-12-08 21:33:30,2024-12-08 21:33:30
,238,118,1,10.98,Tofu stir-fry,2024-12-08 21:33:30,2024-12-08 21:33:30
,239,137,2,13.27,Quinoa salad,2024-12-15 01:17:41,2024-12-15 01:17:41
,239,44,3,12.96,Japchae,2024-12-15 01:17:41,2024-12-15 01:17:41
,240,36,3,13.74,Quesadilla,2024-12-13 16:06:16,2024-12-13 16:06:16
,240,83,1,10.18,Hot dog,2024-12-13 16:06:16,2024-12-13 16:06:16
,240,99,1,19.31,Tofu stir-fry,2024-12-13 16:06:16,2024-12-13 16:06:16
,241,9,1,8.12,Shawarma bowl,2024-12-16 08:46:03,2024-12-16 08:46:03
,242,100,3,9.8,Quinoa salad,2024-12-10 05:51:18,2024-12-10 05:51:18
,242,95,1,14.01,Tofu stir-fry,2024-12-10 05:51:18,2024-12-10 05:51:18
,242,136,1,12.04,Vegan burger,2024-12-10 05:51:18,2024-12-10 05:51:18
,243,49,2,19.74,Bibimbap,2024-12-16 10:18:02,2024-12-16 10:18:02
,244,77,2,16.6,Brisket,2024-12-10 04:16:08,2024-12-10 04:16:08
,245,2,2,13.64,Falafel wrap,2024-12-14 03:31:38,2024-12-14 03:31:38
,245,39,1,10.56,Nachos,2024-12-14 03:31:38,2024-12-14 03:31:38
,246,122,3,16.69,Stuffed peppers,2024-12-09 16:59:40,2024-12-09 16:59:40
,246,17,3,7.73,Hawaiian,2024-12-09 16:59:40,2024-12-09 16:59:40
,247,15,2,12.39,Pepperoni,2024-12-08 07:21:56,2024-12-08 07:21:56
,247,67,3,11.93,Steak tartare,2024-12-08 07:21:56,2024-12-08 07:21:56
,247,145,1,18.77,Lentil soup,2024-12-08 07:21:56,2024-12-08 07:21:56
,248,58,1,13.4,Double cheeseburger,2024-12-09 18:48:04,2024-12-09 18:48:04
,248,16,2,7.19,Margherita,2024-12-09 18:48:04,2024-12-09 18:48:04
,248,70,2,5.48,T-bone steak,2024-12-09 18:48:04,2024-12-09 18:48:04
,249,15,2,12.39,Pepperoni,2024-12-11 09:06:12,2024-12-11 09:06:12
,249,109,2,17.08,Tofu stir-fry,2024-12-11 09:06:12,2024-12-11 09:06:12
,250,142,3,14.99,Stuffed peppers,2024-12-13 11:39:54,2024-12-13 11:39:54
,250,66,1,8.17,Filet mignon,2024-12-13 11:39:54,2024-12-13 11:39:54
,251,45,3,19.67,Tteokbokki,2024-12-15 08:50:48,2024-12-15 08:50:48
,252,43,2,10.23,Bibimbap,2024-12-14 00:29:44,2024-12-14 00:29:44
,252,46,2,12.17,Korean bbq,2024-12-14 00:29:44,2024-12-14 00:29:44
,253,9,1,8.12,Shawarma bowl,2024-12-09 06:16:59,2024-12-09 06:16:59
,253,20,3,19.88,Kung pao chicken,2024-12-09 06:16:59,2024-12-09 06:16:59
,254,73,2,15.78,Steak tartare,2024-12-13 15:21:01,2024-12-13 15:21:01
,255,115,1,5.91,Vegan burger,2024-12-12 00:08:54,2024-12-12 00:08:54
,256,136,2,12.04,Vegan burger,2024-12-10 22:15:54,2024-12-10 22:15:54
,257,102,1,14.04,Vegan burger,2024-12-06 12:59:17,2024-12-06 12:59:17
,258,56,2,15.61,Chicken tikka masala,2024-12-09 19:40:21,2024-12-09 19:40:21
,258,70,2,5.48,T-bone steak,2024-12-09 19:40:21,2024-12-09 19:40:21
,259,139,3,8.74,Tofu stir-fry,2024-12-10 01:44:01,2024-12-10 01:44:01
,260,135,2,16.08,Stuffed peppers,2024-12-08 05:12:37,2024-12-08 05:12:37
,260,118,1,10.98,Tofu stir-fry,2024-12-08 05:12:37,2024-12-08 05:12:37
,261,75,1,16.61,Bbq ribs,2024-12-14 21:36:50,2024-12-14 21:36:50
,261,27,3,16.52,Tempura,2024-12-14 21:36:50,2024-12-14 21:36:50
,261,114,3,5.88,Stuffed peppers,2024-12-14 21:36:50,2024-12-14 21:36:50
,262,3,2,11.21,Shawarma bowl,2024-12-10 19:48:02,2024-12-10 19:48:02
,262,27,3,16.52,Tempura,2024-12-10 19:48:02,2024-12-10 19:48:02
,262,41,3,12.61,Burrito,2024-12-10 19:48:02,2024-12-10 19:48:02
,263,139,3,8.74,Tofu stir-fry,2024-12-12 04:41:56,2024-12-12 04:41:56
,263,51,3,10.65,Biryani,2024-12-12 04:41:56,2024-12-12 04:41:56
,263,53,3,16.22,Butter naan,2024-12-12 04:41:56,2024-12-12 04:41:56
,264,100,2,9.8,Quinoa salad,2024-12-16 02:51:24,2024-12-16 02:51:24
,264,94,2,14.52,Vegan burger,2024-12-16 02:51:24,2024-12-16 02:51:24
,264,10,3,11.97,Hummus platter,2024-12-16 02:51:24,2024-12-16 02:51:24
,265,90,2,19.36,Tofu stir-fry,2024-12-12 09:24:01,2024-12-12 09:24:01
,265,41,2,12.61,Burrito,2024-12-12 09:24:01,2024-12-12 09:24:01
,266,126,2,10.92,Tofu stir-fry,2024-12-15 07:22:57,2024-12-15 07:22:57
,266,139,2,8.74,Tofu stir-fry,2024-12-15 07:22:57,2024-12-15 07:22:57
,266,65,1,11.52,Veggie burger,2024-12-15 07:22:57,2024-12-15 07:22:57
,267,54,3,13.54,Paneer curry,2024-12-07 10:41:33,2024-12-07 10:41:33
,267,110,3,6.23,Lentil soup,2024-12-07 10:41:33,2024-12-07 10:41:33
,268,149,1,13.42,Lentil soup,2024-12-12 05:48:29,2024-12-12 05:48:29
,269,23,1,12.01,Spring rolls,2024-12-10 00:25:24,2024-12-10 00:25:24
,269,4,3,11.88,Mixed grill,2024-12-10 00:25:24,2024-12-10 00:25:24
,270,116,1,7.27,Lentil soup,2024-12-11 14:46:32,2024-12-11 14:46:32
,270,66,1,8.17,Filet mignon,2024-12-11 14:46:32,2024-12-11 14:46:32
,271,112,1,14.93,Vegan burger,2024-12-14 22:36:08,2024-12-14 22:36:08
,271,146,3,10.08,Stuffed peppers,2024-12-14 22:36:08,2024-12-14 22:36:08
,272,145,2,18.77,Lentil soup,2024-12-13 09:46:45,2024-12-13 09:46:45
,272,25,3,8.93,Fried rice,2024-12-13 09:46:45,2024-12-13 09:46:45
,273,11,1,13.92,Pizza capricciosa,2024-12-16 09:00:41,2024-12-16 09:00:41
,273,41,1,12.61,Burrito,2024-12-16 09:00:41,2024-12-16 09:00:41
,274,90,2,19.36,Tofu stir-fry,2024-12-15 17:41:43,2024-12-15 17:41:43
,274,96,2,6.21,Lentil soup,2024-12-15 17:41:43,2024-12-15 17:41:43
,274,67,1,11.93,Steak tartare,2024-12-15 17:41:43,2024-12-15 17:41:43
,275,33,3,19.16,Tempura,2024-12-07 04:57:14,2024-12-07 04:57:14
,275,72,1,18.62,Ribeye steak,2024-12-07 04:57:14,2024-12-07 04:57:14
,275,5,1,5.26,Kebab plate,2024-12-07 04:57:14,2024-12-07 04:57:14
,276,125,1,13.33,Quinoa salad,2024-12-14 12:06:09,2024-12-14 12:06:09
,276,55,2,18.56,Biryani,2024-12-14 12:06:09,2024-12-14 12:06:09
,277,75,3,16.61,Bbq ribs,2024-12-10 19:33:02,2024-12-10 19:33:02
,277,88,1,13.82,Fried chicken,2024-12-10 19:33:02,2024-12-10 19:33:02
,278,5,1,5.26,Kebab plate,2024-12-13 15:25:20,2024-12-13 15:25:20
,278,16,3,7.19,Margherita,2024-12-13 15:25:20,2024-12-13 15:25:20
,279,7,1,15.22,Kebab plate,2024-12-11 04:37:09,2024-12-11 04:37:09
,280,151,2,12.87,Tofu stir-fry,2024-12-15 08:40:36,2024-12-15 08:40:36
,281,145,2,18.77,Lentil soup,2024-12-08 16:31:15,2024-12-08 16:31:15
,281,48,1,15.72,Kimchi stew,2024-12-08 16:31:15,2024-12-08 16:31:15
,281,96,3,6.21,Lentil soup,2024-12-08 16:31:15,2024-12-08 16:31:15
,282,118,3,10.98,Tofu stir-fry,2024-12-10 03:31:50,2024-12-10 03:31:50
,282,76,1,10.93,Bbq chicken,2024-12-10 03:31:50,2024-12-10 03:31:50
,282,16,3,7.19,Margherita,2024-12-10 03:31:50,2024-12-10 03:31:50
,283,119,2,18.47,Vegan burger,2024-12-15 09:27:18,2024-12-15 09:27:18
,283,66,3,8.17,Filet mignon,2024-12-15 09:27:18,2024-12-15 09:27:18
,283,41,3,12.61,Burrito,2024-12-15 09:27:18,2024-12-15 09:27:18
,284,16,2,7.19,Margherita,2024-12-09 22:43:58,2024-12-09 22:43:58
,285,63,2,17.11,Classic burger,2024-12-14 14:34:36,2024-12-14 14:34:36
,286,148,3,19.38,Quinoa salad,2024-12-16 00:38:21,2024-12-16 00:38:21
,287,9,1,8.12,Shawarma bowl,2024-12-12 17:39:54,2024-12-12 17:39:54
,287,80,3,11.48,Cornbread,2024-12-12 17:39:54,2024-12-12 17:39:54
,287,142,2,14.99,Stuffed peppers,2024-12-12 17:39:54,2024-12-12 17:39:54
,288,20,3,19.88,Kung pao chicken,2024-12-10 02:25:17,2024-12-10 02:25:17
,289,119,2,18.47,Vegan burger,2024-12-06 16:43:01,2024-12-06 16:43:01
,290,117,1,6.82,Quinoa salad,2024-12-13 02:19:11,2024-12-13 02:19:11
,290,12,3,11.73,Four cheese,2024-12-13 02:19:11,2024-12-13 02:19:11
,291,33,3,19.16,Tempura,2024-12-15 05:32:10,2024-12-15 05:32:10
,292,112,2,14.93,Vegan burger,2024-12-12 18:30:01,2024-12-12 18:30:01
,292,134,1,19.97,Tofu stir-fry,2024-12-12 18:30:01,2024-12-12 18:30:01
,292,41,1,12.61,Burrito,2024-12-12 18:30:01,2024-12-12 18:30:01
,293,69,1,18.5,Porterhouse steak,2024-12-12 16:16:38,2024-12-12 16:16:38
,294,85,3,5.39,Fries,2024-12-12 09:05:12,2024-12-12 09:05:12
,295,97,3,13.22,Stuffed peppers,2024-12-12 05:03:24,2024-12-12 05:03:24
,295,126,1,10.92,Tofu stir-fry,2024-12-12 05:03:24,2024-12-12 05:03:24
,295,86,3,15.51,Chicken nuggets,2024-12-12 05:03:24,2024-12-12 05:03:24
,296,17,1,7.73,Hawaiian,2024-12-09 03:22:31,2024-12-09 03:22:31
,296,69,3,18.5,Porterhouse steak,2024-12-09 03:22:31,2024-12-09 03:22:31
,297,138,1,19.45,Lentil soup,2024-12-15 22:47:37,2024-12-15 22:47:37
,297,122,1,16.69,Stuffed peppers,2024-12-15 22:47:37,2024-12-15 22:47:37
,297,70,2,5.48,T-bone steak,2024-12-15 22:47:37,2024-12-15 22:47:37
,298,139,2,8.74,Tofu stir-fry,2024-12-11 05:20:13,2024-12-11 05:20:13
,299,122,2,16.69,Stuffed peppers,2024-12-09 17:17:10,2024-12-09 17:17:10
,300,94,3,14.52,Vegan burger,2024-12-16 17:21:29,2024-12-16 17:21:29
,301,124,3,13.63,Vegan burger,2024-12-09 22:12:47,2024-12-09 22:12:47
,302,13,2,15.55,Vegetarian,2024-12-12 01:12:07,2024-12-12 01:12:07
,302,68,3,8.7,Porterhouse steak,2024-12-12 01:12:07,2024-12-12 01:12:07
,302,140,3,11.17,Tofu stir-fry,2024-12-12 01:12:07,2024-12-12 01:12:07
,303,80,2,11.48,Cornbread,2024-12-15 08:31:53,2024-12-15 08:31:53
,303,34,1,14.83,Sushi platter,2024-12-15 08:31:53,2024-12-15 08:31:53
,304,121,3,14.01,Quinoa salad,2024-12-13 17:40:23,2024-12-13 17:40:23
,305,85,2,5.39,Fries,2024-12-09 13:28:04,2024-12-09 13:28:04
,305,52,1,5.47,Butter naan,2024-12-09 13:28:04,2024-12-09 13:28:04
,305,37,2,14.8,Tacos,2024-12-09 13:28:04,2024-12-09 13:28:04
,306,70,3,5.48,T-bone steak,2024-12-07 09:31:38,2024-12-07 09:31:38
,306,5,1,5.26,Kebab plate,2024-12-07 09:31:38,2024-12-07 09:31:38
,306,49,3,19.74,Bibimbap,2024-12-07 09:31:38,2024-12-07 09:31:38
,307,121,1,14.01,Quinoa salad,2024-12-16 17:06:44,2024-12-16 17:06:44
,307,149,3,13.42,Lentil soup,2024-12-16 17:06:44,2024-12-16 17:06:44
,308,62,1,12.4,Double cheeseburger,2024-12-07 22:00:22,2024-12-07 22:00:22
,308,105,2,17.91,Vegan burger,2024-12-07 22:00:22,2024-12-07 22:00:22
,309,147,3,18.13,Stuffed peppers,2024-12-13 06:55:22,2024-12-13 06:55:22
,309,38,1,15.39,Churros,2024-12-13 06:55:22,2024-12-13 06:55:22
,310,52,1,5.47,Butter naan,2024-12-14 02:47:06,2024-12-14 02:47:06
,310,72,2,18.62,Ribeye steak,2024-12-14 02:47:06,2024-12-14 02:47:06
,311,85,3,5.39,Fries,2024-12-11 18:48:22,2024-12-11 18:48:22
,311,39,3,10.56,Nachos,2024-12-11 18:48:22,2024-12-11 18:48:22
,311,57,3,10.85,Veggie burger,2024-12-11 18:48:22,2024-12-11 18:48:22
,312,53,2,16.22,Butter naan,2024-12-08 21:34:34,2024-12-08 21:34:34
,312,150,1,11.15,Vegan burger,2024-12-08 21:34:34,2024-12-08 21:34:34
,313,115,1,5.91,Vegan burger,2024-12-10 23:22:29,2024-12-10 23:22:29
,314,83,2,10.18,Hot dog,2024-12-12 03:30:42,2024-12-12 03:30:42
,314,46,3,12.17,Korean bbq,2024-12-12 03:30:42,2024-12-12 03:30:42
,314,144,1,17.47,Tofu stir-fry,2024-12-12 03:30:42,2024-12-12 03:30:42
,315,123,1,8.31,Lentil soup,2024-12-14 14:56:13,2024-12-14 14:56:13
,316,139,2,8.74,Tofu stir-fry,2024-12-14 02:06:00,2024-12-14 02:06:00
,316,4,2,11.88,Mixed grill,2024-12-14 02:06:00,2024-12-14 02:06:00
,317,78,1,16.55,Cornbread,2024-12-08 16:25:22,2024-12-08 16:25:22
,318,46,2,12.17,Korean bbq,2024-12-14 00:29:25,2024-12-14 00:29:25
,318,139,2,8.74,Tofu stir-fry,2024-12-14 00:29:25,2024-12-14 00:29:25
,318,63,2,17.11,Classic burger,2024-12-14 00:29:25,2024-12-14 00:29:25
,319,56,3,15.61,Chicken tikka masala,2024-12-08 01:37:27,2024-12-08 01:37:27
,319,128,2,7.72,Stuffed peppers,2024-12-08 01:37:27,2024-12-08 01:37:27
,320,19,2,17.55,Sweet and sour pork,2024-12-10 20:02:53,2024-12-10 20:02:53
,320,80,3,11.48,Cornbread,2024-12-10 20:02:53,2024-12-10 20:02:53
,321,124,3,13.63,Vegan burger,2024-12-15 23:43:59,2024-12-15 23:43:59
,321,116,1,7.27,Lentil soup,2024-12-15 23:43:59,2024-12-15 23:43:59
,321,110,2,6.23,Lentil soup,2024-12-15 23:43:59,2024-12-15 23:43:59
,322,97,3,13.22,Stuffed peppers,2024-12-11 22:05:34,2024-12-11 22:05:34
,322,16,2,7.19,Margherita,2024-12-11 22:05:34,2024-12-11 22:05:34
,322,99,2,19.31,Tofu stir-fry,2024-12-11 22:05:34,2024-12-11 22:05:34
,323,9,3,8.12,Shawarma bowl,2024-12-15 11:56:48,2024-12-15 11:56:48
,323,62,2,12.4,Double cheeseburger,2024-12-15 11:56:48,2024-12-15 11:56:48
,323,37,3,14.8,Tacos,2024-12-15 11:56:48,2024-12-15 11:56:48
,324,126,3,10.92,Tofu stir-fry,2024-12-10 04:42:54,2024-12-10 04:42:54
,324,84,2,13.08,Fried chicken,2024-12-10 04:42:54,2024-12-10 04:42:54
,324,137,2,13.27,Quinoa salad,2024-12-10 04:42:54,2024-12-10 04:42:54
,325,42,3,7.22,Tacos,2024-12-06 15:08:52,2024-12-06 15:08:52
,325,92,1,6.41,Quinoa salad,2024-12-06 15:08:52,2024-12-06 15:08:52
,325,96,1,6.21,Lentil soup,2024-12-06 15:08:52,2024-12-06 15:08:52
,326,46,3,12.17,Korean bbq,2024-12-13 02:52:30,2024-12-13 02:52:30
,326,31,1,18.13,Miso soup,2024-12-13 02:52:30,2024-12-13 02:52:30
,326,127,2,11.52,Lentil soup,2024-12-13 02:52:30,2024-12-13 02:52:30
,327,3,2,11.21,Shawarma bowl,2024-12-08 20:23:31,2024-12-08 20:23:31
,327,100,2,9.8,Quinoa salad,2024-12-08 20:23:31,2024-12-08 20:23:31
,328,59,3,15.53,Cheeseburger,2024-12-14 19:36:18,2024-12-14 19:36:18
,329,65,2,11.52,Veggie burger,2024-12-07 08:28:58,2024-12-07 08:28:58
,329,17,1,7.73,Hawaiian,2024-12-07 08:28:58,2024-12-07 08:28:58
,329,115,2,5.91,Vegan burger,2024-12-07 08:28:58,2024-12-07 08:28:58
,330,14,2,18.8,Four cheese,2024-12-08 16:20:31,2024-12-08 16:20:31
,330,148,2,19.38,Quinoa salad,2024-12-08 16:20:31,2024-12-08 16:20:31
,331,86,2,15.51,Chicken nuggets,2024-12-13 20:26:10,2024-12-13 20:26:10
,331,144,2,17.47,Tofu stir-fry,2024-12-13 20:26:10,2024-12-13 20:26:10
,332,138,3,19.45,Lentil soup,2024-12-08 09:29:20,2024-12-08 09:29:20
,332,63,3,17.11,Classic burger,2024-12-08 09:29:20,2024-12-08 09:29:20
,333,135,1,16.08,Stuffed peppers,2024-12-14 05:19:04,2024-12-14 05:19:04
,333,122,1,16.69,Stuffed peppers,2024-12-14 05:19:04,2024-12-14 05:19:04
,333,9,1,8.12,Shawarma bowl,2024-12-14 05:19:04,2024-12-14 05:19:04
,334,8,1,17.63,Falafel wrap,2024-12-12 20:56:20,2024-12-12 20:56:20
,334,126,3,10.92,Tofu stir-fry,2024-12-12 20:56:20,2024-12-12 20:56:20
,335,112,3,14.93,Vegan burger,2024-12-09 09:22:09,2024-12-09 09:22:09
,335,138,1,19.45,Lentil soup,2024-12-09 09:22:09,2024-12-09 09:22:09
,336,102,2,14.04,Vegan burger,2024-12-08 08:29:37,2024-12-08 08:29:37
,336,126,2,10.92,Tofu stir-fry,2024-12-08 08:29:37,2024-12-08 08:29:37
,337,102,2,14.04,Vegan burger,2024-12-13 21:10:42,2024-12-13 21:10:42
,337,145,1,18.77,Lentil soup,2024-12-13 21:10:42,2024-12-13 21:10:42
,338,46,3,12.17,Korean bbq,2024-12-10 19:28:06,2024-12-10 19:28:06
,339,51,3,10.65,Biryani,2024-12-10 20:09:34,2024-12-10 20:09:34
,339,11,1,13.92,Pizza capricciosa,2024-12-10 20:09:34,2024-12-10 20:09:34
,339,100,1,9.8,Quinoa salad,2024-12-10 20:09:34,2024-12-10 20:09:34
,340,101,1,8.45,Lentil soup,2024-12-12 23:51:38,2024-12-12 23:51:38
,340,31,3,18.13,Miso soup,2024-12-12 23:51:38,2024-12-12 23:51:38
,340,40,2,14.49,Churros,2024-12-12 23:51:38,2024-12-12 23:51:38
,341,93,3,18.13,Vegan burger,2024-12-14 05:00:30,2024-12-14 05:00:30
,342,56,2,15.61,Chicken tikka masala,2024-12-06 22:05:53,2024-12-06 22:05:53
,342,120,3,14.4,Tofu stir-fry,2024-12-06 22:05:53,2024-12-06 22:05:53
,342,74,1,13.48,Pulled pork sandwich,2024-12-06 22:05:53,2024-12-06 22:05:53
,343,144,1,17.47,Tofu stir-fry,2024-12-11 14:22:49,2024-12-11 14:22:49
,343,57,2,10.85,Veggie burger,2024-12-11 14:22:49,2024-12-11 14:22:49
,343,125,1,13.33,Quinoa salad,2024-12-11 14:22:49,2024-12-11 14:22:49
,344,105,1,17.91,Vegan burger,2024-12-13 17:08:46,2024-12-13 17:08:46
,344,134,3,19.97,Tofu stir-fry,2024-12-13 17:08:46,2024-12-13 17:08:46
,345,23,3,12.01,Spring rolls,2024-12-07 03:16:16,2024-12-07 03:16:16
,345,31,1,18.13,Miso soup,2024-12-07 03:16:16,2024-12-07 03:16:16
,346,91,1,14.25,Lentil soup,2024-12-10 20:17:10,2024-12-10 20:17:10
,346,131,1,19.26,Vegan burger,2024-12-10 20:17:10,2024-12-10 20:17:10
,346,65,1,11.52,Veggie burger,2024-12-10 20:17:10,2024-12-10 20:17:10
,347,115,1,5.91,Vegan burger,2024-12-07 15:39:03,2024-12-07 15:39:03
,348,29,2,10.91,Sushi platter,2024-12-13 20:40:41,2024-12-13 20:40:41
,349,146,2,10.08,Stuffed peppers,2024-12-15 06:49:33,2024-12-15 06:49:33
,349,97,2,13.22,Stuffed peppers,2024-12-15 06:49:33,2024-12-15 06:49:33
,350,5,1,5.26,Kebab plate,2024-12-15 23:02:57,2024-12-15 23:02:57
,350,78,2,16.55,Cornbread,2024-12-15 23:02:57,2024-12-15 23:02:57
,350,71,2,8.56,Filet mignon,2024-12-15 23:02:57,2024-12-15 23:02:57
,351,92,3,6.41,Quinoa salad,2024-12-07 07:12:07,2024-12-07 07:12:07
,351,85,1,5.39,Fries,2024-12-07 07:12:07,2024-12-07 07:12:07
,352,46,2,12.17,Korean bbq,2024-12-14 10:58:21,2024-12-14 10:58:21
,352,127,1,11.52,Lentil soup,2024-12-14 10:58:21,2024-12-14 10:58:21
,352,33,3,19.16,Tempura,2024-12-14 10:58:21,2024-12-14 10:58:21
,353,57,2,10.85,Veggie burger,2024-12-15 14:09:17,2024-12-15 14:09:17
,353,143,3,6.34,Vegan burger,2024-12-15 14:09:17,2024-12-15 14:09:17
,354,57,2,10.85,Veggie burger,2024-12-10 15:40:18,2024-12-10 15:40:18
,354,104,3,13.82,Quinoa salad,2024-12-10 15:40:18,2024-12-10 15:40:18
,355,54,2,13.54,Paneer curry,2024-12-11 22:55:51,2024-12-11 22:55:51
,355,102,3,14.04,Vegan burger,2024-12-11 22:55:51,2024-12-11 22:55:51
,355,112,2,14.93,Vegan burger,2024-12-11 22:55:51,2024-12-11 22:55:51
,356,33,1,19.16,Tempura,2024-12-09 15:06:58,2024-12-09 15:06:58
,357,20,2,19.88,Kung pao chicken,2024-12-13 16:40:13,2024-12-13 16:40:13
,358,22,1,19.65,Kung pao chicken,2024-12-12 02:26:50,2024-12-12 02:26:50
,358,112,2,14.93,Vegan burger,2024-12-12 02:26:50,2024-12-12 02:26:50
,358,149,1,13.42,Lentil soup,2024-12-12 02:26:50,2024-12-12 02:26:50
,359,48,2,15.72,Kimchi stew,2024-12-12 20:05:03,2024-12-12 20:05:03
,360,126,2,10.92,Tofu stir-fry,2024-12-11 03:32:02,2024-12-11 03:32:02
,361,41,1,12.61,Burrito,2024-12-15 02:50:55,2024-12-15 02:50:55
,361,39,1,10.56,Nachos,2024-12-15 02:50:55,2024-12-15 02:50:55
,361,65,2,11.52,Veggie burger,2024-12-15 02:50:55,2024-12-15 02:50:55
,362,7,1,15.22,Kebab plate,2024-12-08 02:35:19,2024-12-08 02:35:19
,362,80,1,11.48,Cornbread,2024-12-08 02:35:19,2024-12-08 02:35:19
,362,110,2,6.23,Lentil soup,2024-12-08 02:35:19,2024-12-08 02:35:19
,363,98,1,13.8,Quinoa salad,2024-12-13 12:40:38,2024-12-13 12:40:38
,364,115,2,5.91,Vegan burger,2024-12-08 06:05:14,2024-12-08 06:05:14
,364,93,1,18.13,Vegan burger,2024-12-08 06:05:14,2024-12-08 06:05:14
,365,87,2,11.5,Milkshake,2024-12-12 20:07:33,2024-12-12 20:07:33
,365,27,1,16.52,Tempura,2024-12-12 20:07:33,2024-12-12 20:07:33
,365,93,2,18.13,Vegan burger,2024-12-12 20:07:33,2024-12-12 20:07:33
,366,83,3,10.18,Hot dog,2024-12-15 09:50:08,2024-12-15 09:50:08
,366,146,2,10.08,Stuffed peppers,2024-12-15 09:50:08,2024-12-15 09:50:08
,367,82,2,12.26,Bbq ribs,2024-12-11 05:38:41,2024-12-11 05:38:41
,368,82,3,12.26,Bbq ribs,2024-12-07 10:00:52,2024-12-07 10:00:52
,368,28,3,15.15,Teriyaki chicken,2024-12-07 10:00:52,2024-12-07 10:00:52
,368,33,3,19.16,Tempura,2024-12-07 10:00:52,2024-12-07 10:00:52
,369,111,1,8.37,Quinoa salad,2024-12-08 23:16:17,2024-12-08 23:16:17
,369,25,1,8.93,Fried rice,2024-12-08 23:16:17,2024-12-08 23:16:17
,370,94,2,14.52,Vegan burger,2024-12-08 23:55:40,2024-12-08 23:55:40
,370,48,3,15.72,Kimchi stew,2024-12-08 23:55:40,2024-12-08 23:55:40
,371,105,3,17.91,Vegan burger,2024-12-11 21:41:33,2024-12-11 21:41:33
,371,32,1,13.28,Teriyaki chicken,2024-12-11 21:41:33,2024-12-11 21:41:33
,372,43,3,10.23,Bibimbap,2024-12-07 04:39:49,2024-12-07 04:39:49
,372,42,2,7.22,Tacos,2024-12-07 04:39:49,2024-12-07 04:39:49
,372,138,1,19.45,Lentil soup,2024-12-07 04:39:49,2024-12-07 04:39:49
,373,48,2,15.72,Kimchi stew,2024-12-14 12:12:07,2024-12-14 12:12:07
,374,97,1,13.22,Stuffed peppers,2024-12-09 12:20:00,2024-12-09 12:20:00
,374,33,1,19.16,Tempura,2024-12-09 12:20:00,2024-12-09 12:20:00
,375,113,3,16.35,Stuffed peppers,2024-12-16 07:42:56,2024-12-16 07:42:56
,376,137,3,13.27,Quinoa salad,2024-12-15 12:39:27,2024-12-15 12:39:27
,376,103,3,19.48,Stuffed peppers,2024-12-15 12:39:27,2024-12-15 12:39:27
,377,117,2,6.82,Quinoa salad,2024-12-06 16:23:49,2024-12-06 16:23:49
,378,135,3,16.08,Stuffed peppers,2024-12-07 03:06:04,2024-12-07 03:06:04
,378,41,2,12.61,Burrito,2024-12-07 03:06:04,2024-12-07 03:06:04
,379,25,2,8.93,Fried rice,2024-12-10 08:55:13,2024-12-10 08:55:13
,379,38,1,15.39,Churros,2024-12-10 08:55:13,2024-12-10 08:55:13
,379,3,1,11.21,Shawarma bowl,2024-12-10 08:55:13,2024-12-10 08:55:13
,380,83,1,10.18,Hot dog,2024-12-15 08:26:40,2024-12-15 08:26:40
,380,50,3,6.31,Chicken tikka masala,2024-12-15 08:26:40,2024-12-15 08:26:40
,381,115,3,5.91,Vegan burger,2024-12-16 08:58:51,2024-12-16 08:58:51
,381,125,3,13.33,Quinoa salad,2024-12-16 08:58:51,2024-12-16 08:58:51
,382,119,2,18.47,Vegan burger,2024-12-14 20:10:49,2024-12-14 20:10:49
,382,27,3,16.52,Tempura,2024-12-14 20:10:49,2024-12-14 20:10:49
,382,18,2,15.4,Dim sum,2024-12-14 20:10:49,2024-12-14 20:10:49
,383,48,2,15.72,Kimchi stew,2024-12-13 06:22:04,2024-12-13 06:22:04
,383,69,2,18.5,Porterhouse steak,2024-12-13 06:22:04,2024-12-13 06:22:04
,384,15,2,12.39,Pepperoni,2024-12-12 02:24:27,2024-12-12 02:24:27
,385,9,3,8.12,Shawarma bowl,2024-12-15 04:50:32,2024-12-15 04:50:32
,386,49,3,19.74,Bibimbap,2024-12-15 18:56:52,2024-12-15 18:56:52
,386,20,2,19.88,Kung pao chicken,2024-12-15 18:56:52,2024-12-15 18:56:52
,387,92,2,6.41,Quinoa salad,2024-12-10 02:43:18,2024-12-10 02:43:18
,388,68,2,8.7,Porterhouse steak,2024-12-13 16:36:28,2024-12-13 16:36:28
,389,100,3,9.8,Quinoa salad,2024-12-08 05:07:25,2024-12-08 05:07:25
,389,90,2,19.36,Tofu stir-fry,2024-12-08 05:07:25,2024-12-08 05:07:25
,390,98,2,13.8,Quinoa salad,2024-12-10 01:39:29,2024-12-10 01:39:29
,390,123,2,8.31,Lentil soup,2024-12-10 01:39:29,2024-12-10 01:39:29
,391,68,3,8.7,Porterhouse steak,2024-12-13 23:38:40,2024-12-13 23:38:40
,391,119,3,18.47,Vegan burger,2024-12-13 23:38:40,2024-12-13 23:38:40
,391,15,2,12.39,Pepperoni,2024-12-13 23:38:40,2024-12-13 23:38:40
,392,15,2,12.39,Pepperoni,2024-12-11 15:06:52,2024-12-11 15:06:52
,392,24,3,6.64,Dim sum,2024-12-11 15:06:52,2024-12-11 15:06:52
,392,55,3,18.56,Biryani,2024-12-11 15:06:52,2024-12-11 15:06:52
,393,93,2,18.13,Vegan burger,2024-12-13 21:58:30,2024-12-13 21:58:30
,393,100,2,9.8,Quinoa salad,2024-12-13 21:58:30,2024-12-13 21:58:30
,393,54,3,13.54,Paneer curry,2024-12-13 21:58:30,2024-12-13 21:58:30
,394,17,2,7.73,Hawaiian,2024-12-06 13:10:14,2024-12-06 13:10:14
,394,43,3,10.23,Bibimbap,2024-12-06 13:10:14,2024-12-06 13:10:14
,394,35,2,13.56,Ramen,2024-12-06 13:10:14,2024-12-06 13:10:14
,395,37,2,14.8,Tacos,2024-12-07 10:07:21,2024-12-07 10:07:21
,395,45,2,19.67,Tteokbokki,2024-12-07 10:07:21,2024-12-07 10:07:21
,395,55,2,18.56,Biryani,2024-12-07 10:07:21,2024-12-07 10:07:21
,396,136,3,12.04,Vegan burger,2024-12-14 08:06:24,2024-12-14 08:06:24
,396,128,2,7.72,Stuffed peppers,2024-12-14 08:06:24,2024-12-14 08:06:24
,396,138,3,19.45,Lentil soup,2024-12-14 08:06:24,2024-12-14 08:06:24
,397,14,1,18.8,Four cheese,2024-12-12 04:23:38,2024-12-12 04:23:38
,397,85,2,5.39,Fries,2024-12-12 04:23:38,2024-12-12 04:23:38
,398,77,3,16.6,Brisket,2024-12-07 15:05:07,2024-12-07 15:05:07
,399,63,3,17.11,Classic burger,2024-12-10 03:46:24,2024-12-10 03:46:24
,400,99,1,19.31,Tofu stir-fry,2024-12-10 16:12:43,2024-12-10 16:12:43
,401,85,1,5.39,Fries,2024-12-09 04:17:43,2024-12-09 04:17:43
,401,35,3,13.56,Ramen,2024-12-09 04:17:43,2024-12-09 04:17:43
,402,13,2,15.55,Vegetarian,2024-12-11 13:14:33,2024-12-11 13:14:33
,402,81,1,13.77,Brisket,2024-12-11 13:14:33,2024-12-11 13:14:33
,403,84,2,13.08,Fried chicken,2024-12-15 00:29:30,2024-12-15 00:29:30
,403,23,1,12.01,Spring rolls,2024-12-15 00:29:30,2024-12-15 00:29:30
,404,109,2,17.08,Tofu stir-fry,2024-12-14 07:08:19,2024-12-14 07:08:19
,405,100,2,9.8,Quinoa salad,2024-12-09 15:52:01,2024-12-09 15:52:01
,405,97,1,13.22,Stuffed peppers,2024-12-09 15:52:01,2024-12-09 15:52:01
,406,103,1,19.48,Stuffed peppers,2024-12-09 13:13:48,2024-12-09 13:13:48
,406,10,3,11.97,Hummus platter,2024-12-09 13:13:48,2024-12-09 13:13:48
,407,124,2,13.63,Vegan burger,2024-12-15 12:29:39,2024-12-15 12:29:39
,407,12,2,11.73,Four cheese,2024-12-15 12:29:39,2024-12-15 12:29:39
,407,1,1,7.57,Hummus platter,2024-12-15 12:29:39,2024-12-15 12:29:39
,408,130,2,6.79,Stuffed peppers,2024-12-06 18:50:27,2024-12-06 18:50:27
,408,21,3,15.81,Spring rolls,2024-12-06 18:50:27,2024-12-06 18:50:27
,409,135,1,16.08,Stuffed peppers,2024-12-06 21:14:07,2024-12-06 21:14:07
,410,41,3,12.61,Burrito,2024-12-15 02:31:29,2024-12-15 02:31:29
,410,11,3,13.92,Pizza capricciosa,2024-12-15 02:31:29,2024-12-15 02:31:29
,410,94,2,14.52,Vegan burger,2024-12-15 02:31:29,2024-12-15 02:31:29
,411,22,2,19.65,Kung pao chicken,2024-12-12 04:16:52,2024-12-12 04:16:52
,412,83,1,10.18,Hot dog,2024-12-07 18:02:36,2024-12-07 18:02:36
,412,51,3,10.65,Biryani,2024-12-07 18:02:36,2024-12-07 18:02:36
,413,105,2,17.91,Vegan burger,2024-12-12 11:39:10,2024-12-12 11:39:10
,414,24,3,6.64,Dim sum,2024-12-12 12:56:49,2024-12-12 12:56:49
,414,86,2,15.51,Chicken nuggets,2024-12-12 12:56:49,2024-12-12 12:56:49
,415,128,3,7.72,Stuffed peppers,2024-12-16 18:42:08,2024-12-16 18:42:08
,415,16,1,7.19,Margherita,2024-12-16 18:42:08,2024-12-16 18:42:08
,416,35,1,13.56,Ramen,2024-12-13 19:29:06,2024-12-13 19:29:06
,416,26,3,17.01,Sweet and sour pork,2024-12-13 19:29:06,2024-12-13 19:29:06
,416,60,1,5.3,Classic burger,2024-12-13 19:29:06,2024-12-13 19:29:06
,417,6,2,9.21,Mixed grill,2024-12-11 08:36:10,2024-12-11 08:36:10
,417,37,1,14.8,Tacos,2024-12-11 08:36:10,2024-12-11 08:36:10
,418,137,1,13.27,Quinoa salad,2024-12-12 03:12:04,2024-12-12 03:12:04
,419,53,1,16.22,Butter naan,2024-12-15 00:47:34,2024-12-15 00:47:34
,419,149,3,13.42,Lentil soup,2024-12-15 00:47:34,2024-12-15 00:47:34
,420,33,3,19.16,Tempura,2024-12-07 16:18:44,2024-12-07 16:18:44
,420,84,1,13.08,Fried chicken,2024-12-07 16:18:44,2024-12-07 16:18:44
,420,73,2,15.78,Steak tartare,2024-12-07 16:18:44,2024-12-07 16:18:44
,421,53,2,16.22,Butter naan,2024-12-07 14:21:28,2024-12-07 14:21:28
,421,62,2,12.4,Double cheeseburger,2024-12-07 14:21:28,2024-12-07 14:21:28
,422,81,3,13.77,Brisket,2024-12-09 12:47:18,2024-12-09 12:47:18
,422,14,2,18.8,Four cheese,2024-12-09 12:47:18,2024-12-09 12:47:18
,423,125,1,13.33,Quinoa salad,2024-12-09 16:49:16,2024-12-09 16:49:16
,424,149,3,13.42,Lentil soup,2024-12-16 18:13:34,2024-12-16 18:13:34
,425,144,2,17.47,Tofu stir-fry,2024-12-06 10:57:10,2024-12-06 10:57:10
,425,49,3,19.74,Bibimbap,2024-12-06 10:57:10,2024-12-06 10:57:10
,425,66,2,8.17,Filet mignon,2024-12-06 10:57:10,2024-12-06 10:57:10
,426,130,3,6.79,Stuffed peppers,2024-12-08 15:32:32,2024-12-08 15:32:32
,426,105,1,17.91,Vegan burger,2024-12-08 15:32:32,2024-12-08 15:32:32
,426,124,2,13.63,Vegan burger,2024-12-08 15:32:32,2024-12-08 15:32:32
,427,36,1,13.74,Quesadilla,2024-12-09 10:42:17,2024-12-09 10:42:17
,428,48,2,15.72,Kimchi stew,2024-12-07 04:03:44,2024-12-07 04:03:44
,428,32,2,13.28,Teriyaki chicken,2024-12-07 04:03:44,2024-12-07 04:03:44
,428,34,2,14.83,Sushi platter,2024-12-07 04:03:44,2024-12-07 04:03:44
,429,53,3,16.22,Butter naan,2024-12-13 01:05:26,2024-12-13 01:05:26
,429,128,1,7.72,Stuffed peppers,2024-12-13 01:05:26,2024-12-13 01:05:26
,430,134,3,19.97,Tofu stir-fry,2024-12-09 01:52:42,2024-12-09 01:52:42
,431,109,1,17.08,Tofu stir-fry,2024-12-08 09:56:20,2024-12-08 09:56:20
,431,110,1,6.23,Lentil soup,2024-12-08 09:56:20,2024-12-08 09:56:20
,432,136,1,12.04,Vegan burger,2024-12-13 17:32:17,2024-12-13 17:32:17
,433,63,2,17.11,Classic burger,2024-12-13 09:16:27,2024-12-13 09:16:27
,433,48,1,15.72,Kimchi stew,2024-12-13 09:16:27,2024-12-13 09:16:27
,433,14,2,18.8,Four cheese,2024-12-13 09:16:27,2024-12-13 09:16:27
,434,18,1,15.4,Dim sum,2024-12-16 18:46:21,2024-12-16 18:46:21
,434,93,1,18.13,Vegan burger,2024-12-16 18:46:21,2024-12-16 18:46:21
,434,104,2,13.82,Quinoa salad,2024-12-16 18:46:21,2024-12-16 18:46:21
,435,89,3,6.45,Stuffed peppers,2024-12-10 09:49:27,2024-12-10 09:49:27
,436,105,1,17.91,Vegan burger,2024-12-07 10:37:41,2024-12-07 10:37:41
,436,18,1,15.4,Dim sum,2024-12-07 10:37:41,2024-12-07 10:37:41
,436,138,2,19.45,Lentil soup,2024-12-07 10:37:41,2024-12-07 10:37:41
,437,79,2,9.95,Pulled pork sandwich,2024-12-09 00:59:34,2024-12-09 00:59:34
,437,2,3,13.64,Falafel wrap,2024-12-09 00:59:34,2024-12-09 00:59:34
,438,62,2,12.4,Double cheeseburger,2024-12-06 14:28:56,2024-12-06 14:28:56
,438,78,3,16.55,Cornbread,2024-12-06 14:28:56,2024-12-06 14:28:56
,438,140,2,11.17,Tofu stir-fry,2024-12-06 14:28:56,2024-12-06 14:28:56
,439,37,2,14.8,Tacos,2024-12-08 05:53:46,2024-12-08 05:53:46
,440,125,3,13.33,Quinoa salad,2024-12-13 09:43:50,2024-12-13 09:43:50
,440,21,2,15.81,Spring rolls,2024-12-13 09:43:50,2024-12-13 09:43:50
,440,18,1,15.4,Dim sum,2024-12-13 09:43:50,2024-12-13 09:43:50
,441,112,3,14.93,Vegan burger,2024-12-08 04:54:53,2024-12-08 04:54:53
,442,64,2,17.82,Cheeseburger,2024-12-15 20:06:13,2024-12-15 20:06:13
,442,99,2,19.31,Tofu stir-fry,2024-12-15 20:06:13,2024-12-15 20:06:13
,443,30,3,9.57,Ramen,2024-12-10 01:20:59,2024-12-10 01:20:59
,443,16,1,7.19,Margherita,2024-12-10 01:20:59,2024-12-10 01:20:59
,444,30,3,9.57,Ramen,2024-12-10 22:54:20,2024-12-10 22:54:20
,444,52,2,5.47,Butter naan,2024-12-10 22:54:20,2024-12-10 22:54:20
,444,84,1,13.08,Fried chicken,2024-12-10 22:54:20,2024-12-10 22:54:20
,445,131,1,19.26,Vegan burger,2024-12-13 14:25:53,2024-12-13 14:25:53
,445,78,3,16.55,Cornbread,2024-12-13 14:25:53,2024-12-13 14:25:53
,446,104,3,13.82,Quinoa salad,2024-12-16 00:00:52,2024-12-16 00:00:52
,447,133,3,16.25,Lentil soup,2024-12-12 08:57:56,2024-12-12 08:57:56
,448,147,2,18.13,Stuffed peppers,2024-12-12 18:43:09,2024-12-12 18:43:09
,448,111,3,8.37,Quinoa salad,2024-12-12 18:43:09,2024-12-12 18:43:09
,449,102,2,14.04,Vegan burger,2024-12-14 13:02:31,2024-12-14 13:02:31
,449,46,1,12.17,Korean bbq,2024-12-14 13:02:31,2024-12-14 13:02:31
,450,104,3,13.82,Quinoa salad,2024-12-08 22:39:11,2024-12-08 22:39:11
,450,24,1,6.64,Dim sum,2024-12-08 22:39:11,2024-12-08 22:39:11
,451,103,3,19.48,Stuffed peppers,2024-12-12 20:50:54,2024-12-12 20:50:54
,451,116,3,7.27,Lentil soup,2024-12-12 20:50:54,2024-12-12 20:50:54
,451,115,3,5.91,Vegan burger,2024-12-12 20:50:54,2024-12-12 20:50:54
,452,81,2,13.77,Brisket,2024-12-16 02:13:21,2024-12-16 02:13:21
,453,68,1,8.7,Porterhouse steak,2024-12-16 06:20:48,2024-12-16 06:20:48
,454,47,2,18.36,Korean bbq,2024-12-10 01:24:41,2024-12-10 01:24:41
,454,102,2,14.04,Vegan burger,2024-12-10 01:24:41,2024-12-10 01:24:41
,454,43,1,10.23,Bibimbap,2024-12-10 01:24:41,2024-12-10 01:24:41
,455,52,2,5.47,Butter naan,2024-12-10 09:07:05,2024-12-10 09:07:05
,455,100,2,9.8,Quinoa salad,2024-12-10 09:07:05,2024-12-10 09:07:05
,456,28,1,15.15,Teriyaki chicken,2024-12-16 16:45:33,2024-12-16 16:45:33
,456,125,2,13.33,Quinoa salad,2024-12-16 16:45:33,2024-12-16 16:45:33
,456,87,2,11.5,Milkshake,2024-12-16 16:45:33,2024-12-16 16:45:33
,457,93,1,18.13,Vegan burger,2024-12-07 09:42:48,2024-12-07 09:42:48
,457,26,1,17.01,Sweet and sour pork,2024-12-07 09:42:48,2024-12-07 09:42:48
,458,2,1,13.64,Falafel wrap,2024-12-08 18:19:42,2024-12-08 18:19:42
,458,26,3,17.01,Sweet and sour pork,2024-12-08 18:19:42,2024-12-08 18:19:42
,459,69,3,18.5,Porterhouse steak,2024-12-15 07:25:00,2024-12-15 07:25:00
,459,37,3,14.8,Tacos,2024-12-15 07:25:00,2024-12-15 07:25:00
,459,70,2,5.48,T-bone steak,2024-12-15 07:25:00,2024-12-15 07:25:00
,460,39,3,10.56,Nachos,2024-12-08 23:24:55,2024-12-08 23:24:55
,460,107,2,10.37,Stuffed peppers,2024-12-08 23:24:55,2024-12-08 23:24:55
,461,44,3,12.96,Japchae,2024-12-14 20:53:46,2024-12-14 20:53:46
,462,139,3,8.74,Tofu stir-fry,2024-12-07 23:17:01,2024-12-07 23:17:01
,462,137,3,13.27,Quinoa salad,2024-12-07 23:17:01,2024-12-07 23:17:01
,463,119,2,18.47,Vegan burger,2024-12-06 19:26:56,2024-12-06 19:26:56
,464,105,3,17.91,Vegan burger,2024-12-13 23:47:36,2024-12-13 23:47:36
,465,2,1,13.64,Falafel wrap,2024-12-10 00:48:21,2024-12-10 00:48:21
,465,116,1,7.27,Lentil soup,2024-12-10 00:48:21,2024-12-10 00:48:21
,466,39,1,10.56,Nachos,2024-12-12 18:27:58,2024-12-12 18:27:58
,466,128,3,7.72,Stuffed peppers,2024-12-12 18:27:58,2024-12-12 18:27:58
,466,58,2,13.4,Double cheeseburger,2024-12-12 18:27:58,2024-12-12 18:27:58
,467,144,3,17.47,Tofu stir-fry,2024-12-12 15:17:59,2024-12-12 15:17:59
,467,33,2,19.16,Tempura,2024-12-12 15:17:59,2024-12-12 15:17:59
,467,46,2,12.17,Korean bbq,2024-12-12 15:17:59,2024-12-12 15:17:59
,468,118,2,10.98,Tofu stir-fry,2024-12-12 20:38:22,2024-12-12 20:38:22
,469,69,3,18.5,Porterhouse steak,2024-12-14 04:32:05,2024-12-14 04:32:05
,469,77,2,16.6,Brisket,2024-12-14 04:32:05,2024-12-14 04:32:05
,470,93,1,18.13,Vegan burger,2024-12-06 19:13:41,2024-12-06 19:13:41
,470,132,3,13.25,Quinoa salad,2024-12-06 19:13:41,2024-12-06 19:13:41
,471,9,2,8.12,Shawarma bowl,2024-12-16 05:29:27,2024-12-16 05:29:27
,471,13,1,15.55,Vegetarian,2024-12-16 05:29:27,2024-12-16 05:29:27
,472,125,1,13.33,Quinoa salad,2024-12-11 17:54:58,2024-12-11 17:54:58
,472,103,2,19.48,Stuffed peppers,2024-12-11 17:54:58,2024-12-11 17:54:58
,473,88,1,13.82,Fried chicken,2024-12-12 19:19:59,2024-12-12 19:19:59
,474,140,2,11.17,Tofu stir-fry,2024-12-08 12:38:14,2024-12-08 12:38:14
,474,25,3,8.93,Fried rice,2024-12-08 12:38:14,2024-12-08 12:38:14
,475,18,3,15.4,Dim sum,2024-12-11 09:49:30,2024-12-11 09:49:30
,476,98,2,13.8,Quinoa salad,2024-12-12 23:26:19,2024-12-12 23:26:19
,476,36,2,13.74,Quesadilla,2024-12-12 23:26:19,2024-12-12 23:26:19
,476,19,2,17.55,Sweet and sour pork,2024-12-12 23:26:19,2024-12-12 23:26:19
,477,21,3,15.81,Spring rolls,2024-12-08 16:33:28,2024-12-08 16:33:28
,478,126,2,10.92,Tofu stir-fry,2024-12-10 22:49:53,2024-12-10 22:49:53
,479,9,2,8.12,Shawarma bowl,2024-12-06 10:49:48,2024-12-06 10:49:48
,479,34,1,14.83,Sushi platter,2024-12-06 10:49:48,2024-12-06 10:49:48
,479,128,1,7.72,Stuffed peppers,2024-12-06 10:49:48,2024-12-06 10:49:48
,480,144,3,17.47,Tofu stir-fry,2024-12-11 17:54:18,2024-12-11 17:54:18
,480,59,2,15.53,Cheeseburger,2024-12-11 17:54:18,2024-12-11 17:54:18
,481,31,3,18.13,Miso soup,2024-12-13 14:19:05,2024-12-13 14:19:05
,481,84,1,13.08,Fried chicken,2024-12-13 14:19:05,2024-12-13 14:19:05
,482,99,1,19.31,Tofu stir-fry,2024-12-13 12:08:40,2024-12-13 12:08:40
,482,138,2,19.45,Lentil soup,2024-12-13 12:08:40,2024-12-13 12:08:40
,482,31,2,18.13,Miso soup,2024-12-13 12:08:40,2024-12-13 12:08:40
,483,18,2,15.4,Dim sum,2024-12-14 11:49:14,2024-12-14 11:49:14
,483,125,1,13.33,Quinoa salad,2024-12-14 11:49:14,2024-12-14 11:49:14
,483,25,1,8.93,Fried rice,2024-12-14 11:49:14,2024-12-14 11:49:14
,484,114,3,5.88,Stuffed peppers,2024-12-13 16:34:04,2024-12-13 16:34:04
,484,122,3,16.69,Stuffed peppers,2024-12-13 16:34:04,2024-12-13 16:34:04
,485,53,2,16.22,Butter naan,2024-12-12 03:49:53,2024-12-12 03:49:53
,486,105,1,17.91,Vegan burger,2024-12-08 17:09:43,2024-12-08 17:09:43
,486,60,3,5.3,Classic burger,2024-12-08 17:09:43,2024-12-08 17:09:43
,487,93,3,18.13,Vegan burger,2024-12-09 10:48:36,2024-12-09 10:48:36
,487,18,2,15.4,Dim sum,2024-12-09 10:48:36,2024-12-09 10:48:36
,488,63,2,17.11,Classic burger,2024-12-14 03:17:47,2024-12-14 03:17:47
,489,24,3,6.64,Dim sum,2024-12-11 10:52:55,2024-12-11 10:52:55
,490,91,3,14.25,Lentil soup,2024-12-13 03:16:41,2024-12-13 03:16:41
,490,117,1,6.82,Quinoa salad,2024-12-13 03:16:41,2024-12-13 03:16:41
,490,97,3,13.22,Stuffed peppers,2024-12-13 03:16:41,2024-12-13 03:16:41
,491,14,3,18.8,Four cheese,2024-12-13 09:05:48,2024-12-13 09:05:48
,492,48,3,15.72,Kimchi stew,2024-12-15 14:13:45,2024-12-15 14:13:45
,492,114,3,5.88,Stuffed peppers,2024-12-15 14:13:45,2024-12-15 14:13:45
,493,31,1,18.13,Miso soup,2024-12-14 22:27:48,2024-12-14 22:27:48
,494,75,2,16.61,Bbq ribs,2024-12-12 10:36:04,2024-12-12 10:36:04
,495,64,2,17.82,Cheeseburger,2024-12-14 23:46:23,2024-12-14 23:46:23
,495,39,2,10.56,Nachos,2024-12-14 23:46:23,2024-12-14 23:46:23
,496,5,3,5.26,Kebab plate,2024-12-09 05:32:05,2024-12-09 05:32:05
,496,36,3,13.74,Quesadilla,2024-12-09 05:32:05,2024-12-09 05:32:05
,497,137,2,13.27,Quinoa salad,2024-12-09 20:41:59,2024-12-09 20:41:59
,497,66,2,8.17,Filet mignon,2024-12-09 20:41:59,2024-12-09 20:41:59
,497,144,2,17.47,Tofu stir-fry,2024-12-09 20:41:59,2024-12-09 20:41:59
,498,100,1,9.8,Quinoa salad,2024-12-11 17:44:09,2024-12-11 17:44:09
,499,71,2,8.56,Filet mignon,2024-12-13 17:29:28,2024-12-13 17:29:28
,499,106,3,15.34,Lentil soup,2024-12-13 17:29:28,2024-12-13 17:29:28
,499,100,2,9.8,Quinoa salad,2024-12-13 17:29:28,2024-12-13 17:29:28
